Id,Label,name,attribute,event_id,meta_category,[z],Degree,modularity_class,shared_cluster,X,Y,Z,Size,Color
20011,,The Structure of Thought in Western and Eastern Civilizations: The decline of Science in India as a case Study,workshop,1,0,1,4,8,8,-674.653931,383.227112,0.003377,50,"#ff5584"
20012,,Fragmentation and Wholeness,workshop,1,0,1,3,5,5,-595.448059,124.939125,0.00856,50,"#df89ff"
20013,,The Re-Enchantment of the World,workshop,1,0,1,1,8,8,-737.064758,-181.677948,0.00932,50,"#ff5584"
20014,,"Politics, Economy and Science",workshop,1,0,1,3,0,0,-1104.936157,-158.962509,0.001938,50,"#d3b3b0"
20015,,Fragmentation and Wholeness in Science and Society,workshop,1,0,1,3,5,5,-555.249146,45.511307,0.004211,50,"#df89ff"
20016,,The Re-Imagination of the world and the transformation of Science,workshop,2,0,1,2,8,8,-752.908508,-80.999428,0.008368,50,"#ff5584"
20017,,"Wissenschaft, Religion, Meditation",workshop,1,0,1,6,8,8,-447.410614,308.929321,0.00251,50,"#ff5584"
20018,,Visuelle Gestaltung als Erfahrung,workshop,1,0,1,2,7,7,-604.124451,-800.006165,0.005084,50,"#00c4ff"
20019,,Wie erleben Künstler die Wisenschaftler,workshop,1,0,1,1,5,5,797.26178,-886.020264,0.007853,50,"#df89ff"
20020,,Halluzinogene und veränderte Zustände des Bewusstseins,workshop,1,0,1,3,4,4,752.428589,-707.10675,0.004477,50,"#ff8805"
20021,,Die Beziehung zwischen Körper und Seele,workshop,1,0,1,2,1,1,908.652649,-615.420105,0.001855,50,"#c0c0c0"
20022,,Alternative Healing Processes,workshop,1,0,1,3,4,4,455.316467,934.133545,0.009948,50,"#ff8805"
20023,,New Realms of Music,workshop,1,0,1,3,6,6,-286.708984,-373.758026,0.005055,50,"#4c463e"
20024,,Energetic View of Personalityand Behaviour,workshop,1,0,1,4,3,3,925.980713,-161.421768,0.009426,50,"#73c000"
20025,,Reading the Language of the Body,workshop,1,0,1,4,3,3,890.074219,-256.056244,0.001852,50,"#73c000"
20026,,Observer and Observed in Science,workshop,1,0,1,2,8,8,-1031.871826,28.788404,0.005583,50,"#ff5584"
20027,,Homöopathische Medizin Heute,workshop,1,0,1,2,4,4,785.845032,921.573242,0.005774,50,"#ff8805"
20028,,Science and Religion,workshop,1,0,1,3,5,5,-926.02356,127.672714,0.008655,50,"#df89ff"
20029,,Verschiedenen Arten Geistiger Heilweise,workshop,1,0,1,5,4,4,605.636963,179.709305,0.003233,50,"#ff8805"
20030,,Freies Malen im Raum zwischen Rationalität und Utopie,workshop,1,0,1,1,7,7,-599.67926,-913.497192,0.001474,50,"#00c4ff"
20031,,Myth and Science: Animism and the Narratives of Gaia,workshop,1,0,1,3,5,5,-763.73645,897.583435,0.004442,50,"#df89ff"
20032,,Myth and Modern Science,workshop,1,0,1,1,0,0,-1144.298584,459.017212,0.001002,50,"#d3b3b0"
20033,,Science Beyond Foundations,workshop,1,0,1,5,2,2,-172.35968,1115.504639,0.004401,50,"#00bd94"
20035,,Textcollage,workshop,1,0,1,2,7,7,129.400833,-616.761658,0.005027,50,"#00c4ff"
20036,,Body workshop Gonseth,workshop,1,0,1,5,7,7,662.88916,-112.478844,0.005446,50,"#00c4ff"
20037,,Wholeness and Diversity and the Ecology of mind,workshop,2,0,1,3,6,6,313.741608,896.148071,0.00253,50,"#4c463e"
20038,,"Einbezug von ökologischen, technischen und humanistischen Aspekten in die langfristige Planung der Industrie",workshop,2,0,1,6,5,5,-138.237946,521.985046,0.004774,50,"#df89ff"
20039,,Wissenschaft/Wirtschaft/Ethik,workshop,2,0,1,5,5,5,-232.205261,406.59848,0.006812,50,"#df89ff"
20040,,Lebendig leben- aber wie?,workshop,2,0,1,1,3,3,905.93811,-470.089752,0.00529,50,"#73c000"
20041,,Spannung zwischen Berufs- und Privatleben,workshop,2,0,1,1,3,3,978.309998,-372.558441,0.009095,50,"#73c000"
20042,,"Wissenschaft und christliche Kosmologie, ein Gegensatz?",workshop,2,0,1,2,5,5,-606.679749,862.473694,0.009144,50,"#df89ff"
20043,,Meister Eckhart und die Ueberwindung der Subjekt/Objekt-Spaltung,workshop,2,0,1,8,4,4,-111.156456,166.082932,0.008851,50,"#ff8805"
20044,,Body workshop Gonseth 2,workshop,2,0,1,4,7,7,934.818542,231.577301,0.009236,50,"#00c4ff"
20045,,A Neurobiologist's View of the Scientist's Mind,workshop,2,0,1,2,4,4,46.278084,1053.875977,0.00444,50,"#ff8805"
20046,,Wissenschaftliche und ethische Probleme in der Molekularbiologie und Gentechnologie,workshop,2,0,1,3,5,5,-87.528839,1016.431458,0.00176,50,"#df89ff"
20047,,Sinnesorgane und Perzeptionsfelder des Menschen,workshop,2,0,1,4,4,4,799.179688,416.097748,0.002106,50,"#ff8805"
20048,,Theaterimprovisation,workshop,2,0,1,4,6,6,-172.532532,-1003.037292,0.000543,50,"#4c463e"
20049,,Masken - Gestalten,workshop,2,0,1,4,6,6,-41.184963,-653.957947,0.003532,50,"#4c463e"
20050,,Stein-Holz-Eisen,workshop,2,0,1,3,7,7,-400.203094,-811.644043,0.00248,50,"#00c4ff"
20051,,Musik-Improvisation,workshop,2,0,1,6,6,6,497.1073,-512.157654,0.006856,50,"#4c463e"
20052,,Collagen,workshop,2,0,1,2,7,7,-490.10022,-922.942383,0.009879,50,"#00c4ff"
20053,,Zen-Meditation,workshop,2,0,1,3,4,4,502.053131,530.570984,0.005374,50,"#ff8805"
20054,,The Samkhya View of Science,workshop,2,0,1,6,8,8,-1.963216,418.156464,0.005029,50,"#ff5584"
20055,,Gegensätze und Harmonien in der Modernen Architektur,workshop,2,0,1,3,4,4,1128.953125,302.03653,0.003614,50,"#ff8805"
20056,,The coevolution of global interconnectedness and education,workshop,2,0,1,3,6,6,-966.916443,-474.615906,0.000947,50,"#4c463e"
20057,,Das Sender/Empfänger Konzept der Wirklichkeit,workshop,2,0,1,4,8,8,-526.767944,786.03009,0.005574,50,"#ff5584"
20058,,Psychologische Grundlagen der Alchemie,workshop,2,0,1,5,1,1,10.095855,157.604645,0.00919,50,"#c0c0c0"
20059,,Glauben in Wissenschaft und Religion,workshop,2,0,1,6,8,8,-735.387512,102.315384,0.002899,50,"#ff5584"
20060,,Die Gegensätze Erotik/Religion und Frau/Spiritualität,workshop,2,0,1,5,0,0,-901.152588,274.756378,0.00593,50,"#d3b3b0"
20061,,Astronomische Forschung und ihre Entwicklung,workshop,2,0,1,2,2,2,129.181747,1137.72876,0.006593,50,"#00bd94"
20062,,Kunst und Erziehung - Erfahrungen im Bereich des Malens,workshop,2,0,1,3,0,0,-811.86792,-625.274658,0.004567,50,"#d3b3b0"
20063,,Gemeinsame Wandmalerei,workshop,2,0,1,2,7,7,-379.235535,-967.779663,0.009281,50,"#00c4ff"
20064,,Gedächtnis und Antizipation,workshop,3,0,1,4,2,2,-36.010151,1157.109863,0.000956,50,"#00bd94"
20065,,Das Problem der Realität in der Physik,workshop,3,0,1,6,8,8,-820.550598,422.324036,0.002783,50,"#ff5584"
20066,,Aesthetik des Lebendigen,workshop,3,0,1,7,2,2,-190.248672,-70.584427,0.003463,50,"#00bd94"
20067,,Wahrnehmung in Zen-Buddhismus,workshop,3,0,1,3,4,4,622.728821,543.60791,0.00887,50,"#ff8805"
20068,,Olfaktorische Wahrnehmung,workshop,3,0,1,3,4,4,107.053947,803.342834,0.007476,50,"#ff8805"
20069,,Wie wirklich ist die Wirklichkeit,workshop,3,0,1,3,8,8,-926.740906,698.222168,0.008059,50,"#ff5584"
20070,,Kindliche Wahrnehmung - dialogische Wahrnehmung,workshop,3,0,1,5,5,5,89.844894,580.014832,0.004355,50,"#df89ff"
20071,,Das Pendel als Hilsmittel zur Wahrnehmung,workshop,3,0,1,4,4,4,829.855286,292.758972,0.009697,50,"#ff8805"
20072,,Overtone Music. Theory and Praxis,workshop,3,0,1,5,6,6,323.649567,-444.086975,0.00016,50,"#4c463e"
20073,,Colour and Vision,workshop,3,0,1,1,4,4,696.713989,768.501099,0.006388,50,"#ff8805"
20075,,Tai-ci-Quan,workshop,3,0,1,3,3,3,761.905823,49.35511,0.005499,50,"#73c000"
20076,,Perception of future economy and ethics,workshop,3,0,1,2,5,5,-548.693726,1025.908569,0.001269,50,"#df89ff"
20077,,Aktive Sinnerswahrnehmung,workshop,3,0,1,4,4,4,407.047028,602.831177,0.005748,50,"#ff8805"
20078,,Hypnosetherapie,workshop,3,0,1,8,7,7,379.605103,-367.705719,0.009145,50,"#00c4ff"
20079,,Bauform als Zeichen und Symbol,workshop,3,0,1,4,4,4,307.354584,439.093384,0.000224,50,"#ff8805"
20080,,Stein-Holz-Eisen,workshop,3,0,1,5,7,7,-413.41507,-439.017609,0.003006,50,"#00c4ff"
20081,,Musikimprovisation,workshop,3,0,1,3,6,6,496.498444,-968.737793,0.000117,50,"#4c463e"
20082,,Der komponierende und improvisierende Computer,workshop,3,0,1,4,6,6,-67.450623,-938.380249,0.008814,50,"#4c463e"
20083,,Die Schöpfung als menschlicher Ort,workshop,3,0,1,4,7,7,150.98526,-345.640869,0.001684,50,"#00c4ff"
20084,,Wahrnehmung des Selbst in der Alchemie,workshop,3,0,1,8,3,3,238.353165,-99.277306,0.001219,50,"#73c000"
20085,,"Wahrnehmung im Alltag - Liebe, Beruf, Erziehung",workshop,3,0,1,6,5,5,-122.842094,405.770142,0.002774,50,"#df89ff"
20086,,"Gebrauch,Gefahren und Erfahrungen mit psychedelischen Drogen",workshop,3,0,1,2,4,4,1176.434082,-212.821655,0.00554,50,"#ff8805"
20087,,Wahrnehmung in der Tibetischen Tradition,workshop,3,0,1,6,8,8,244.561081,540.846985,0.004976,50,"#ff5584"
20088,,Weiterbildung in Körpertherapie,workshop,3,0,1,7,0,0,37.230003,-46.703468,0.000844,50,"#d3b3b0"
20089,,Ki-kraft,workshop,3,0,1,8,3,3,380.088501,206.874588,0.008973,50,"#73c000"
20090,,Bioenergetics,workshop,3,0,1,6,3,3,425.316803,-203.739059,0.001576,50,"#73c000"
20091,,"Bioenergetics, Arbeit mit Träumen",workshop,3,0,1,6,3,3,551.394348,-348.44162,0.00885,50,"#73c000"
20092,,Focusing,workshop,3,0,1,7,5,5,235.329193,162.405945,0.001217,50,"#df89ff"
20093,,"Perception of the Bodyform, Postural Integration and Rolfing",workshop,3,0,1,5,3,3,414.904724,425.712524,0.009681,50,"#73c000"
20100,,Body work Scheidegger,workshop,1,0,1,2,3,3,670.898865,-359.303345,0.008813,50,"#73c000"
20101,,Body work Müller,workshop,1,0,1,4,3,3,856.418701,1.545577,0.007538,50,"#73c000"
20102,,Body work Walterspiel,workshop,1,0,1,5,3,3,709.50238,239.207138,0.004862,50,"#73c000"
20103,,Body work Scheidegger 2,workshop,2,0,1,4,3,3,305.088715,-8.228709,0.008749,50,"#73c000"
20104,,Body work Müller 2,workshop,2,0,1,4,3,3,808.367798,-80.891045,0.006255,50,"#73c000"
20105,,Body work Walterspiel 2,workshop,2,0,1,5,3,3,604.865234,300.031342,0.005632,50,"#73c000"
20106,,Spannung zwischen Beruf- und Privatleben 2,workshop,2,0,1,4,6,6,-727.595886,-313.214417,0.004452,50,"#4c463e"
20107,,Interspecies Communication,workshop,3,0,1,5,5,5,-185.091339,-393.204834,0.004812,50,"#df89ff"
20108,,Geld und Magie - die Utopie der modernen Zeit. Eine Dichtung von Goethe's Faust,workshop,4,0,1,7,5,5,-263.143921,269.967682,0.00758,50,"#df89ff"
20109,,Utopie/Astrologie,workshop,4,0,1,2,7,7,767.49762,-579.695557,0.005397,50,"#00c4ff"
20110,,Frauenmystik im Mittelalter. Religiöse Utopie als Daseinsveränderung?,workshop,4,0,1,7,0,0,-295.316467,508.566315,0.005922,50,"#d3b3b0"
20111,,Mitsingen,workshop,4,0,1,2,6,6,222.901596,-784.351379,0.002678,50,"#4c463e"
20112,,Method and dream,workshop,4,0,1,7,8,8,-52.875362,92.564568,0.003712,50,"#ff5584"
20113,,Schulung der Achtsamkeit im Sinne von Graf Dürckheim,workshop,4,0,1,4,3,3,811.551758,-179.721146,0.00642,50,"#73c000"
20114,,The Mechanistic Model of Life: A Critical Reexamination in the Light of Recent Advances in Biological Knowledge,workshop,4,0,1,5,2,2,-350.128937,611.681885,0.005017,50,"#00bd94"
20115,,Anthrop-Art; Menschenkundliches zur Kunst,workshop,4,0,1,8,8,8,-456.825562,-174.990158,0.005261,50,"#ff5584"
20116,,Mut und Mitwelt,workshop,4,0,1,4,5,5,-195.914429,955.146423,0.001713,50,"#df89ff"
20117,,Focusing,workshop,4,0,1,7,7,7,215.668976,50.930218,0.002074,50,"#00c4ff"
20118,,Stein-Holz-Eisen,workshop,4,0,1,4,7,7,-386.93399,-554.524353,0.000522,50,"#00c4ff"
20119,,Feministische Solidarität: Mehr als Utopie?,workshop,4,0,1,6,0,0,-286.166992,-73.044769,0.002482,50,"#d3b3b0"
20120,,Tarot,workshop,4,0,1,4,3,3,776.703796,-290.83786,0.009274,50,"#73c000"
20121,,"Erziehung zur psychischen Ge-
sundheit",workshop,4,0,1,5,5,5,119.70829,194.220123,0.005925,50,"#df89ff"
20122,,Was geht? Was ginge?,workshop,4,0,1,3,8,8,-811.098877,-5.465647,0.009819,50,"#ff5584"
20123,,Teleskope und Weltraumsonden - unsere zukünftige Sicht des Weltalls,workshop,4,0,1,2,2,2,310.517761,1056.664185,0.007979,50,"#00bd94"
20124,,Theatre lmprovise,workshop,4,0,1,2,6,6,3.454768,-1177.720947,0.003534,50,"#4c463e"
20125,,Japan handicrafts as living languages for regaining the wholeness of human life in an age of total work divisions.,workshop,4,0,1,6,7,7,-198.073837,-160.210968,0.003905,50,"#00c4ff"
20126,,"Overtone Music. Theory 
and Praxis",workshop,4,0,1,1,6,6,411.599976,-1040.491821,0.001528,50,"#4c463e"
20127,,Personal experience with Utopia,workshop,4,0,1,2,7,7,-260.217896,-1184.949219,0.007961,50,"#00c4ff"
20128,,The integrated scientist and the courage of utopia,workshop,4,0,1,5,8,8,8.350471,824.887756,0.004064,50,"#ff5584"
20129,,Entwickeln von Zukunftsvorstellungen an einem Beispiel in der chemischen Industrie. Beschäftigung mit der Zukunft in der chemischen Industrie (im Rahmen der Industrie),workshop,4,0,1,5,8,8,-425.883392,167.89241,0.004858,50,"#ff5584"
20130,,Rolfing Movement,workshop,4,0,1,5,3,3,594.7229,-169.555923,0.00552,50,"#73c000"
20131,,Bioenergetik,workshop,4,0,1,5,3,3,630.319641,-248.989716,0.009075,50,"#73c000"
20132,,Die Geschichte des Neutrino,workshop,4,0,1,3,8,8,-696.211182,497.055786,0.002459,50,"#ff5584"
20133,,Die späten Klaviersonaten von L.v. Beethoven,workshop,4,0,1,3,1,1,302.654755,-927.357422,0.002872,50,"#c0c0c0"
20134,,-Körper- Selbst,workshop,4,0,1,7,1,1,344.983612,-280.637421,0.002782,50,"#c0c0c0"
20135,,Zukünftige Erforschung des Weltalls durch die Astronomie,workshop,4,0,1,4,2,2,-28.850983,687.680359,0.003789,50,"#00bd94"
20136,,"(Malen, Tag und Nacht)",workshop,4,0,1,1,7,7,-705.001831,-829.862305,0.005176,50,"#00c4ff"
20137,,Körperspiel,workshop,4,0,1,2,3,3,1047.86377,28.760454,0.009733,50,"#73c000"
20138,,One World of Matter and Mind,workshop,4,0,1,4,3,3,221.090912,343.023804,0.006332,50,"#73c000"
20139,,KI,workshop,4,0,1,7,3,3,604.712341,74.402237,0.002443,50,"#73c000"
20140,,Utopie in Tiefenpsychologischer Sicht,workshop,4,0,1,7,1,1,-373.416809,-290.900879,0.002007,50,"#c0c0c0"
20141,,Zen,workshop,4,0,1,4,4,4,346.050537,99.600258,0.004756,50,"#ff8805"
20142,,Der Ordnung in der Natur auf der Spur,workshop,4,0,1,5,3,3,378.492889,-505.371429,0.009652,50,"#73c000"
20143,,Die Metamorphose der Liebe,workshop,5,0,1,4,4,4,224.72023,248.963715,0.000882,50,"#ff8805"
20144,,Neues Denken in Wissenschaft und Theologie,workshop,5,0,1,3,8,8,-666.373779,9.075051,0.009892,50,"#ff5584"
20145,,Metamorphoses of Simultaneous Perception,workshop,5,0,1,2,4,4,592.005859,797.75354,0.002306,50,"#ff8805"
20146,,Metamorphosen des Wirklichen,workshop,5,0,1,4,8,8,-624.824219,229.495163,0.000967,50,"#ff5584"
20147,,Die Verwandlung feinenergetischer Felder durch Architektur,workshop,5,0,1,2,4,4,1038.077759,480.308899,0.001353,50,"#ff8805"
20148,,"Maskentheater, inspiriert durch Kafka's Metamorphose",workshop,5,0,1,2,7,7,-472.67804,-1112.255615,0.000646,50,"#00c4ff"
20149,,Japanische Kalligraphie: Spielen mit Pinsel und Tusche,workshop,5,0,1,5,5,5,264.294159,-198.764542,0.00436,50,"#df89ff"
20150,,"Neue Impulse aus der Kreativität, dem Schöpferischen Akt",workshop,5,0,1,1,7,7,-693.140503,-678.418579,0.000099,50,"#00c4ff"
20151,,Gentechnik- Instrument einer technomorphen Rekonstruktion des Lebendigen,workshop,5,0,1,4,5,5,-419.897461,44.257523,0.002245,50,"#df89ff"
20152,,Unsere Zeit und die unheimliche Beschleunigung der technischen Entwicklung,workshop,5,0,1,5,8,8,-558.765686,565.19812,0.001636,50,"#ff5584"
20153,,Earth's Structures in Evolution: A challenge of mind over the chaos.,workshop,5,0,1,3,6,6,-881.014099,-321.864227,0.006647,50,"#4c463e"
20154,,Symbol und Irrationalität. Pauli's Ideen zu einer neuen Naturwissenschaft,workshop,5,0,1,4,1,1,-478.446472,-278.515839,0.009589,50,"#c0c0c0"
20155,,"Atem, Körper und Bewusstsein",workshop,5,0,1,6,3,3,519.187866,-234.562683,0.00914,50,"#73c000"
20156,,Wandlungen in der Industrie,workshop,5,0,1,7,5,5,-338.125397,334.984344,0.000407,50,"#df89ff"
20157,,Metamorphosen des Wissenschaftsverständnisses im Licht der Alchemie,workshop,5,0,1,6,5,5,-87.133331,-92.469833,0.002062,50,"#df89ff"
20159,,Traumarbeit,workshop,5,0,1,1,1,1,633.438965,-872.565735,0.003336,50,"#c0c0c0"
20160,,Metamorphose der Dissidenz- Gedanken zur gegenwärtigen Patriarchatskritik,workshop,5,0,1,3,0,0,-1139.175049,132.144211,0.005659,50,"#d3b3b0"
20161,,Feldenkrais,workshop,5,0,1,2,3,3,958.725159,129.397034,0.007864,50,"#73c000"
20162,,Verbindungen- in Cortona und von Cortona zum Alltag,workshop,5,0,1,6,5,5,-190.652786,76.586609,0.004366,50,"#df89ff"
20163,,Mechanisms of Cortical Development,workshop,5,0,1,3,2,2,-325.085754,1067.040039,0.004065,50,"#00bd94"
20164,,Pollution and Environment Metamorphoses,workshop,5,0,1,3,5,5,-134.567459,646.941895,0.007616,50,"#df89ff"
20165,,"Musikerin, Schauspielerin",workshop,5,0,1,4,6,6,131.205383,-213.390182,0.009712,50,"#4c463e"
20166,,Transformation through Trance-formation and H ealing,workshop,5,0,1,3,4,4,648.270935,401.796051,0.008463,50,"#ff8805"
20167,,Stein - Holz - Eisen,workshop,5,0,1,4,7,7,-2.26712,-380.697205,0.005632,50,"#00c4ff"
20168,,"Change and Continuity in Human Relationships as Perceived Through the ""Mahabharata""",workshop,5,0,1,4,8,8,174.165924,610.039368,0.008104,50,"#ff5584"
20169,,Ueber den ersten Satz der Schicksals-Symphonie (mit Musik-Beispielen),workshop,5,0,1,3,2,2,159.784851,-1077.903809,0.002567,50,"#00bd94"
20170,,Kraft der Wandlung am eigenen Leib erfahren (im Sinn der initiatischen Therapie von Graf Dllrckheim),workshop,5,0,1,2,3,3,958.190857,-54.316505,0.000992,50,"#73c000"
20171,,Cognitive Science and Ordinary Experience,workshop,5,0,1,5,2,2,153.00618,930.668457,0.00735,50,"#00bd94"
20172,,Barock-Musik,workshop,5,0,1,1,6,6,291.5289,-1082.453735,0.004343,50,"#4c463e"
20173,,"Klang, Computer und Improvisation",workshop,6,0,1,6,6,6,98.902908,-811.045349,0.009373,50,"#4c463e"
20174,,Morgensingen,workshop,6,0,1,2,6,6,483.008698,-833.108398,0.006373,50,"#4c463e"
20175,,Mutual Hypnosis: the creative potential in human relationships,workshop,6,0,1,4,3,3,741.241028,-434.87326,0.005354,50,"#73c000"
20176,,Grenzüberschreitungen zwischen Wissenschaft und Religion,workshop,6,0,1,3,5,5,-441.826904,579.482727,0.009292,50,"#df89ff"
20177,,Lebensbaum,workshop,6,0,1,4,8,8,-716.224915,276.915283,0.008618,50,"#ff5584"
20178,,"On Autopoiesis & The Origins of
Life",workshop,6,0,1,5,2,2,-301.529633,938.24646,0.009012,50,"#00bd94"
20179,,Stein - Holz - Eisen,workshop,6,0,1,3,7,7,-345.8992,-644.704712,0.000319,50,"#00c4ff"
20180,,Grenzen,workshop,6,0,1,3,7,7,-228.997345,-525.54895,0.002404,50,"#00c4ff"
20181,,Grenzen und neue Horizonte in industrieller Tätigkeit,workshop,6,0,1,8,5,5,-40.082611,10.027218,0.003185,50,"#df89ff"
20182,,SACRED DANCE - Meditation des Tanzes,workshop,6,0,1,5,7,7,429.126282,36.747871,0.001909,50,"#00c4ff"
20183,,"Ethische Grenzen der Tier-Nutzung am Beipiel des
Schweines",workshop,6,0,1,3,5,5,-775.327576,703.197388,0.001797,50,"#df89ff"
20184,,"""Ich bin die Frau, die ich bin"" - Gedanken zum Thema
Identität und Beziehung",workshop,6,0,1,4,0,0,-564.565735,328.298767,0.0042,50,"#d3b3b0"
20185,,"Atem, Körper und Bewusstsein",workshop,6,0,1,7,3,3,521.661194,246.784317,0.007615,50,"#73c000"
20186,,The game without borders,workshop,6,0,1,4,6,6,-552.982483,-467.587585,0.005587,50,"#4c463e"
20187,,"""Wie bin ich gestimmt?""",workshop,6,0,1,7,3,3,444.809204,-296.478333,0.00687,50,"#73c000"
20188,,"Deep other: Mind and Time, Spirit and Matter",workshop,6,0,1,8,3,3,138.746368,-67.328178,0.008794,50,"#73c000"
20189,,"""Le Khalife Amoureux""",workshop,6,0,1,3,0,0,-1140.785645,-23.739519,0.007087,50,"#d3b3b0"
20190,,Masken,workshop,6,0,1,4,3,3,-185.320023,-603.182007,0.008951,50,"#73c000"
20191,,"Grenzen und Begrenzungen in biologischen Systemen -
beispielhaft für uns Menschen?",workshop,6,0,1,7,5,5,-254.95079,583.121399,0.004888,50,"#df89ff"
20192,,Paradigm Change in the Arts and Sciences,workshop,6,0,1,4,8,8,-576.34552,454.989258,0.006986,50,"#ff5584"
20193,,Japanische Kalligraphie: Spielen mit Pinsel und Tusche,workshop,6,0,1,6,3,3,50.58263,-315.830475,0.007452,50,"#73c000"
20194,,Umdenken in der Naturwissenschaft,workshop,6,0,1,5,8,8,-560.13031,-76.211044,0.005443,50,"#ff5584"
20195,,"Vom Fall der Grenzen, von verratenen Kindern und ratlosen Eltern",workshop,6,0,1,4,5,5,450.855927,755.427551,0.000618,50,"#df89ff"
20196,,"Menschen zwischen Liebe, Leidenschaft und Dämonie. - Musikalische und tiefenpsychologische Betrachtungen zu Mozarts ""Don Giovanni""",workshop,6,0,1,4,1,1,180.659149,-899.696228,0.000073,50,"#c0c0c0"
20197,,Das Fenster der Verwundbarkeit,workshop,6,0,1,3,5,5,-636.075562,702.325439,0.00331,50,"#df89ff"
20198,,Eine Reise durch das Land der Schwingungen,workshop,6,0,1,4,6,6,-209.780334,-842.790527,0.003722,50,"#4c463e"
20199,,Unseren Träumen lauschen - Ihre Sprache verstehen lernen,workshop,6,0,1,4,1,1,418.308472,-637.376221,0.005325,50,"#c0c0c0"
20200,,ENT-SCHEIDENDE-FRAGEN IN DER WENDEZEIT,workshop,6,0,1,3,7,7,-410.492798,-94.163879,0.001161,50,"#00c4ff"
20201,,Recycling = Materialfluss ohne Grenzen?,workshop,6,0,1,5,5,5,-120.081245,858.417358,0.000293,50,"#df89ff"
20202,,Der kreative Discount. Ausläufer der Selbstbedienungskunst von Cortona V - non-stop-Atelier,workshop,6,0,1,4,7,7,-245.621964,-708.631531,0.001949,50,"#00c4ff"
20203,,"Mauern im Kopf - Fragen zur ""westlichen Identität""",workshop,6,0,1,4,0,0,-847.688049,585.087219,0.008996,50,"#d3b3b0"
20204,,Astronomical observation,workshop,6,0,1,2,2,2,208.531387,1066.809204,0.006411,50,"#00bd94"
20205,,Boundary between the Seif and the Non-Seif,workshop,6,0,1,5,8,8,-389.247253,807.355591,0.008474,50,"#ff5584"
20206,,Selbstbewusstsein und Präsenz im persönlichen Ausdruck,workshop,6,0,1,7,3,3,663.211792,3.589188,0.008744,50,"#73c000"
20207,,Dao Dancing,workshop,7,0,1,5,3,3,802.026184,146.481949,0.007221,50,"#73c000"
20208,,Erleben der Farben,workshop,7,0,1,3,7,7,-692.35614,-398.514526,0.003413,50,"#00c4ff"
20209,,"Geschichten, die heilen können.",workshop,7,0,1,3,5,5,117.952843,-460.782196,0.006146,50,"#df89ff"
20210,,Undoing the materialistic conception of matter,workshop,7,0,1,5,2,2,-381.229706,485.487244,0.001889,50,"#00bd94"
20211,,Gli Etruschi,workshop,7,0,1,2,0,0,-752.112976,-512.231445,0.003087,50,"#d3b3b0"
20212,,Stein - Holz - Eisen,workshop,7,0,1,2,7,7,-495.517548,-720.79657,0.007657,50,"#00c4ff"
20213,,Künstliche Intelligenz und natürliche Welt,workshop,7,0,1,5,6,6,-15.272737,514.31781,0.007068,50,"#4c463e"
20214,,Der dreistufige Tempel,workshop,7,0,1,5,5,5,-259.736694,146.829132,0.007925,50,"#df89ff"
20215,,"Atem, Körper und Bewusstsein",workshop,7,0,1,6,3,3,532.848511,-35.337082,0.007833,50,"#73c000"
20216,,"The Origins of Life: Myths, Facts, and the Unbidden Connections",workshop,7,0,1,4,0,0,-985.318604,351.617798,0.000953,50,"#d3b3b0"
20217,,Offenes Leseatelier,workshop,7,0,1,5,5,5,18.156281,-161.504486,0.009744,50,"#df89ff"
20218,,Wie bin ich gestimmt? Arbeit mit Körper und Stimme,workshop,7,0,1,5,3,3,467.582886,-412.767914,0.00194,50,"#73c000"
20219,,The Goddess Reclaims Science,workshop,7,0,1,3,0,0,-787.985291,173.073715,0.004014,50,"#d3b3b0"
20220,,Masken,workshop,7,0,1,3,7,7,-123.171432,-679.907104,0.007562,50,"#00c4ff"
20221,,On the archetypal determination of the discovery of high-temperature superconductivity,workshop,7,0,1,4,2,2,115.523911,365.06134,0.004275,50,"#00bd94"
20222,,Hochschulplanung oder die Planung des Unplanbaren,workshop,7,0,1,4,0,0,-1018.575562,-236.016495,0.007052,50,"#d3b3b0"
20223,,Die wunderbare mehrdimensionale Welt,workshop,7,0,1,6,4,4,-67.684425,-174.944153,0.001432,50,"#ff8805"
20224,,Aeneas - Vater am Ende der Zeit,workshop,7,0,1,3,0,0,-519.660034,218.179031,0.004782,50,"#d3b3b0"
20225,,Heirs of Prometheus,workshop,7,0,1,3,0,0,-1091.537842,257.984009,0.000914,50,"#d3b3b0"
20226,,Unseren Träumen lauschen - Ihre Sprache verstehen lernen,workshop,7,0,1,4,1,1,259.199219,-612.184937,0.007355,50,"#c0c0c0"
20227,,Eine Reise durch das Land der Schwingungen,workshop,7,0,1,4,6,6,-13.618917,-825.956787,0.009189,50,"#4c463e"
20228,,"Mythen, die unserem persönlichen Leben Sinn geben.",workshop,7,0,1,4,8,8,-260.626801,-210.527985,0.004803,50,"#ff5584"
20229,,Beyond Time - Creation as Seen by an Astronomer,workshop,7,0,1,3,4,4,900.758728,625.41394,0.004563,50,"#ff8805"
20230,,Mythos Eindeutigkeit,workshop,7,0,1,4,0,0,-944.196106,497.913513,0.006422,50,"#d3b3b0"
20231,,Die Bedeutung des Singensfür die Ganzheit des Lebens,workshop,7,0,1,5,6,6,-43.542809,-294.262085,0.006897,50,"#4c463e"
20232,,"Meditation: Compassion and lnsight
World of Appearance -True Nature of Being",workshop,7,0,1,7,3,3,113.016022,5.873997,0.003738,50,"#73c000"
20233,,Selbstbewusstsein und Präsenz im persönlichen Ausdruck,workshop,7,0,1,7,3,3,350.059387,-138.524689,0.00114,50,"#73c000"
20234,,The Quantum Paradigm: Towards a new vision ofreality,workshop,7,0,1,10,4,4,41.803925,260.279938,0.005866,50,"#ff8805"
20235,,Morgensingen,workshop,7,0,1,4,5,5,358.888092,-813.519104,0.004264,50,"#df89ff"
20236,,Bewegung und Tanztherapie.,workshop,7,0,1,7,3,3,129.02919,76.493454,0.001912,50,"#73c000"
20237,,Berühren und Berührtwerden,workshop,8,0,1,4,3,3,711.381165,329.8508,0.005013,50,"#73c000"
20238,,Der Pauli-Jung-Dialog und die psychophysische Wechselwirkung.,workshop,8,0,1,6,1,1,-550.906006,-208.45433,0.004891,50,"#c0c0c0"
20239,,Der Weg der Metapher,workshop,8,0,1,1,5,5,587.739868,941.430481,0.001099,50,"#df89ff"
20240,,Dao Dancing II: Hardly and softly,workshop,8,0,1,4,3,3,713.838623,141.941193,0.006735,50,"#73c000"
20241,,Are there limits to knowledge.,workshop,8,0,1,4,8,8,-480.876038,419.085297,0.001501,50,"#ff5584"
20242,,Wilder Frieden,workshop,8,0,1,4,6,6,-302.060333,26.053457,0.002314,50,"#4c463e"
20243,,Stein - Holz - Eisen,workshop,8,0,1,3,7,7,-570.006958,-625.151306,0.009088,50,"#00c4ff"
20244,,Gehirnforschung und Heilung,workshop,8,0,1,5,4,4,233.548477,774.999451,0.00578,50,"#ff8805"
20245,,Ethnologie and Tradition,workshop,8,0,1,7,4,4,514.947144,425.494354,0.004807,50,"#ff8805"
20246,,Malen und Zeichnen,workshop,8,0,1,5,5,5,-133.877777,-252.388107,0.007086,50,"#df89ff"
20247,,Bilderausstellung,workshop,8,0,1,1,7,7,-779.357178,-738.360657,0.002637,50,"#00c4ff"
20248,,"Atem, Körper und Bewusstsein",workshop,8,0,1,5,3,3,453.317657,113.400543,0.003051,50,"#73c000"
20249,,Why science is the best way,workshop,8,0,1,3,2,2,-926.249268,-101.909393,0.009709,50,"#00bd94"
20250,,Drumming as Self-Experie11ce and Communication.,workshop,8,0,1,5,7,7,312.8909,-691.538635,0.002012,50,"#00c4ff"
20251,,Wie bin ich gestimmt? Erfahru11ge11 mit Stimme und Körper,workshop,8,0,1,7,3,3,264.88681,-330.390717,0.0085,50,"#73c000"
20252,,Masken,workshop,8,0,1,5,7,7,-23.263929,-548.809143,0.005837,50,"#00c4ff"
20253,,"Heilklänge, Klangvisionen",workshop,8,0,1,8,3,3,404.410522,-59.399628,0.004836,50,"#73c000"
20254,,"Ritter ohne Rüstung, oder: wie Parzival lesen und schreiben lernte.",workshop,8,0,1,1,5,5,818.496155,718.722229,0.008047,50,"#df89ff"
20255,,Ist ein Weg in Raum und Zeit wiederholbar und umkehrbar?- Betrachtungen aus pyhsikalisch-chemischer und molekularer Sicht,workshop,8,0,1,3,2,2,-401.882751,953.257751,0.003014,50,"#00bd94"
20256,,Orgelkonzert in Assisi mit Werken von ]oh. Seb. Bach,workshop,8,0,1,2,6,6,588.079407,-487.772278,0.003062,50,"#4c463e"
20257,,"Der Weg der Individuation - dargestellt an Mozarts Oper ""Die Zauberflöte 11",workshop,8,0,1,3,1,1,71.068138,-956.731689,0.006396,50,"#c0c0c0"
20258,,Einführung in das therapeutische Imaginieren und Malen,workshop,8,0,1,2,3,3,-118.969719,-543.888428,0.003346,50,"#73c000"
20259,,The Path of Chaos,workshop,8,0,1,4,8,8,-52.546562,293.299042,0.001271,50,"#ff5584"
20260,,Psychodrama,workshop,8,0,1,5,1,1,221.741669,-481.083038,0.008555,50,"#c0c0c0"
20261,,Eine Reise durch das Land der Schwiugmzgeu,workshop,8,0,1,5,6,6,-104.390144,-811.917175,0.003873,50,"#4c463e"
20262,,The selfish robot and the origins of intelligence,workshop,8,0,1,4,6,6,-232.560944,719.588379,0.002041,50,"#4c463e"
20263,,Die Homöopathie als Ausdruck des Integralen Bewusstseins,workshop,8,0,1,4,4,4,170.035782,447.780731,0.004806,50,"#ff8805"
20264,,Selbstbewusstsein und Präsenz im persö11liche11 Ausdruck,workshop,8,0,1,7,3,3,490.401703,-111.180046,0.004304,50,"#73c000"
20265,,Morgensingen,workshop,8,0,1,5,5,5,59.630096,-712.843506,0.003399,50,"#df89ff"
