Id,Label,name,gender,birth_date,attribute,at_cortona,cortona,[z],modularity_class,X,Y,Size,Color
1,,Pier Luigi Luisi,m,1938,person,yes,no,2,101,84.567345,44.850891,10,"#37d911"
2,,Jörg Altherr-Flury,m,1944,person,yes,no,2,0,-729.245728,2072.492676,10,"#c0c0c0"
3,,Thea Altherr-Flury,w,1941,person,yes,no,2,99,375.803772,-515.15033,10,"#72adff"
4,,Shams Anwari-Alhossenyni,m,1937,person,yes,no,2,1,1322.28186,-1819.547485,10,"#c0c0c0"
5,,Iso Camartin,m,1944,person,yes,no,2,121,322.421478,-142.642593,10,"#c5ae00"
6,,Fritjof Capra,m,1939,person,yes,no,2,137,-90.628227,-20.745607,10,"#006c7e"
7,,Thornton E. Chamberlin,m,1949,person,yes,no,2,96,2487.746338,1240.115845,10,"#c0c0c0"
8,,Richard Robert Ernst,m,1933,person,yes,no,2,138,259.750458,58.974461,10,"#fab1b7"
9,,Jörg Felsche,,,person,yes,no,2,2,1292.818481,1702.972656,10,"#c0c0c0"
10,,Gerd Folkers,,,person,yes,no,2,3,2125.342041,30.891478,10,"#c0c0c0"
11,,Pieter Arend Folken,,,person,yes,no,2,4,2081.529541,-134.452194,10,"#c0c0c0"
12,,Gerd Fuchs,,,person,yes,no,2,5,1284.557129,1649.721436,10,"#c0c0c0"
13,,Kathrin Graf,w,1942,person,yes,no,2,121,507.263245,-157.341385,10,"#c5ae00"
14,,George Greenstein,,,person,yes,no,2,6,866.437683,-1861.833252,10,"#c0c0c0"
15,,Ricardo Guerrero,,,person,yes,no,2,7,-101.548302,-2049.4375,10,"#c0c0c0"
16,,Willi Gutmann,m,1927,person,yes,no,2,11,156.196045,-218.351624,10,"#c0c0c0"
17,,Urs Hartmann,,,person,yes,no,2,8,-2054.084717,-3.075804,10,"#c0c0c0"
18,,Doris Lässer-Aeppli,w,1945,person,yes,no,2,88,2184.055176,1609.156372,10,"#c0c0c0"
19,,Claudia Scheidegger,w,1950,person,yes,no,2,99,404.103943,-567.773987,10,"#72adff"
20,,Tony Majdalani,m,,person,yes,no,2,9,-2021.355591,-107.49379,10,"#c0c0c0"
21,,Lynn Margulis,w,1938,person,yes,no,2,144,-131.532104,168.167816,10,"#00d8ff"
22,,Monika Matta,w,,person,yes,no,2,121,444.577942,-143.626404,10,"#c5ae00"
23,,Regina Mikula,,,person,yes,no,2,10,-1963.763916,-478.141083,10,"#c0c0c0"
24,,Suzanne Monard,w,1934,person,yes,no,2,11,144.097626,-240.466934,10,"#c0c0c0"
25,,Roberto A. A. Boschi,m,1941,person,yes,no,2,101,208.402832,-217.333176,10,"#37d911"
26,,Doris Oltrogge,,,person,yes,no,2,12,1832.214233,-1029.303589,10,"#c0c0c0"
27,,Jörg Rasche,m,1950,person,yes,no,2,138,286.177612,-157.684967,10,"#fab1b7"
28,,Irene Reintjens,,,person,yes,no,2,13,-479.458588,-1778.943604,10,"#c0c0c0"
29,,Hortense Reintjens-Anwari,,,person,yes,no,2,14,-1773.820801,-498.410248,10,"#c0c0c0"
30,,Ingrid Riedel,w,1935,person,yes,no,2,133,178.521851,-271.696411,10,"#ff7cff"
31,,Paul Seiler,,,person,yes,no,2,15,-1073.400269,1526.371826,10,"#c0c0c0"
32,,Renuka Singh,,,person,yes,no,2,16,-1071.359253,1602.44519,10,"#c0c0c0"
33,,David Bohm,m,1917,person,yes,no,2,133,-93.104362,-97.902222,10,"#ff7cff"
34,,David Steindl-Rast,m,1926,person,yes,no,2,137,-63.668617,-16.817341,10,"#006c7e"
35,,Michael Stillwater,,,person,yes,no,2,17,-1731.688599,-758.819397,10,"#c0c0c0"
36,,KatjaTchemberdji,,,person,yes,no,2,18,-617.439514,1855.397583,10,"#c0c0c0"
37,,Weiming Tu,,,person,yes,no,2,19,-1686.413086,-852.56604,10,"#c0c0c0"
38,,Katharina von Salis,,,person,yes,no,2,20,1767.018799,771.463989,10,"#c0c0c0"
39,,Cornelia Walterspiel,w,,person,yes,no,2,21,-1217.584717,-1530.324463,10,"#c0c0c0"
40,,f,,,person,yes,no,2,22,-1359.60376,-1246.609253,10,"#c0c0c0"
41,,Reinhard Nesper,,,person,yes,no,2,99,442.327179,-661.182678,10,"#72adff"
42,,Marlen Karlen,,,person,yes,no,2,23,-1256.82019,-1447.343872,10,"#c0c0c0"
43,,Luciano Pietronero,,,person,yes,no,2,24,-1699.832275,-1017.929138,10,"#c0c0c0"
44,,Rupert Sheldrake,,,person,yes,no,2,136,-81.19635,25.910162,10,"#ff7f1a"
45,,Ernst Peter Fischer,,,person,yes,no,2,25,-1648.218994,941.516968,10,"#c0c0c0"
46,,Christina Puchalski,,,person,yes,no,2,26,-1722.529907,893.814392,10,"#c0c0c0"
47,,Joan Halifax,w,1942,person,yes,no,2,144,-78.905403,127.504532,10,"#00d8ff"
48,,Michael Hagner,,,person,yes,no,2,27,-443.791473,-1855.452515,10,"#c0c0c0"
49,,Hans-Peter Sibler,,,person,yes,no,2,28,1109.140869,-1681.197388,10,"#c0c0c0"
50,,John Wolf Brennan,m,1954,person,yes,no,2,11,111.112442,-334.050629,10,"#c0c0c0"
51,,Vanja Palmers,m,1948,person,yes,no,2,137,-16.106482,-86.208145,10,"#006c7e"
52,,Barbara Jäckli,,,person,yes,no,2,29,1246.694214,1481.094849,10,"#c0c0c0"
53,,Andreas Schneider,,,person,yes,no,2,30,1343.624268,-1532.396851,10,"#c0c0c0"
54,,Regula Vollenweider Wepfer,,,person,yes,no,2,31,-1321.095337,-1346.619751,10,"#c0c0c0"
55,,Avshalom Elitzur,,,person,yes,no,2,32,623.375122,-1801.240967,10,"#c0c0c0"
56,,Beate Kortendieck-Rasche,,,person,yes,no,2,33,133.643784,1825.529175,10,"#c0c0c0"
57,,Marie Millis,,,person,yes,no,2,34,1913.698975,-280.940491,10,"#c0c0c0"
58,,HeidiMaria Stauber,w,1949,person,yes,no,2,99,447.280304,-637.536682,10,"#72adff"
59,,Eveline Hauser,,,person,yes,no,2,35,1816.65332,826.963867,10,"#c0c0c0"
60,,Horta van Hoye,,,person,yes,no,2,36,222.616959,-1937.172363,10,"#c0c0c0"
61,,Chaturvedi Badrinath,m,1933,person,yes,no,2,104,-2238.763916,1581.954956,10,"#c0c0c0"
62,,Helmut Milz,,,person,yes,no,2,37,543.338013,1891.378662,10,"#c0c0c0"
63,,Monica Zuretti,,,person,yes,no,2,38,-803.99115,1735.646606,10,"#c0c0c0"
64,,Fredi Rauner,,,person,yes,no,2,39,-1844.989136,410.13382,10,"#c0c0c0"
65,,Franziska Dürr,,,person,yes,no,2,40,-954.873657,1729.04248,10,"#c0c0c0"
66,,Kurt Reinhard,,,person,yes,no,2,41,1344.406494,1289.925293,10,"#c0c0c0"
67,,Michel Bitbol,,,person,yes,no,2,42,662.474243,1773.5,10,"#c0c0c0"
68,,Annie Bitbol-Hespériès,,,person,yes,no,2,43,1984.236938,226.886673,10,"#c0c0c0"
69,,Richi Diener,,,person,yes,no,2,44,1958.802979,-353.609894,10,"#c0c0c0"
70,,Daniel Fueter,,,person,yes,no,2,45,-1454.059937,-1193.710938,10,"#c0c0c0"
71,,Thomas Müllenbach,,,person,yes,no,2,46,1374.071777,-1584.377563,10,"#c0c0c0"
72,,Herbert Pietschmann,m,1936,person,yes,no,2,138,212.913712,-22.563063,10,"#fab1b7"
73,,Naomi Steinberg,,,person,yes,no,2,47,-1167.075806,-1435.765747,10,"#c0c0c0"
74,,Hazel Henderson,w,1933,person,yes,no,2,134,-46.384613,213.829239,10,"#ff5684"
75,,Tom Johanson,m,1925,person,yes,no,2,135,-288.389099,-134.886429,10,"#00cca6"
76,,Alexander Lowen,m,1910,person,yes,no,2,136,44.325603,67.263588,10,"#ff7f1a"
77,,Giancarlo Testa,m,1932,person,yes,no,2,99,324.010132,-386.702881,10,"#72adff"
78,,Francisco Varela,m,1946,person,yes,no,2,144,-97.298134,173.789474,10,"#00d8ff"
79,,Morris Berman,m,1944,person,yes,no,2,136,-256.667236,-13.365643,10,"#ff7f1a"
80,,Kurt Dressler,m,1929,person,yes,no,2,101,140.310013,-99.574211,10,"#37d911"
81,,Cornelia Hesse-Honegger,w,1944,person,yes,no,2,144,-233.966721,110.185638,10,"#00d8ff"
82,,Albert Hofmann,m,1906,person,yes,no,2,136,123.926819,-29.96978,10,"#ff7f1a"
83,,Roberto Laneri,m,1945,person,yes,no,2,136,-194.549561,-12.676046,10,"#ff7f1a"
84,,Ulrich Müller-Herold,m,1943,person,yes,no,2,101,269.108154,-68.267128,10,"#37d911"
85,,Gerhard Resch,m,1937,person,yes,no,2,130,166.035431,22.247419,10,"#854e1e"
86,,Isabella Stieger,w,,person,yes,no,2,48,-354.763184,-1776.741577,10,"#c0c0c0"
87,,William Irwin Thompson,m,1938,person,yes,no,2,144,-185.593216,104.399933,10,"#00d8ff"
88,,Corina Curschellas,w,1956,person,yes,no,2,113,-892.562683,2642.519775,10,"#c0c0c0"
89,,Loreli Fischer-Knuth,w,1938,person,yes,no,2,49,952.457397,-1812.678833,10,"#c0c0c0"
90,,Pit Gutmann,m,1954,person,yes,no,2,11,133.128311,-274.512451,10,"#c0c0c0"
91,,Marie-Luce Gonseth,w,,person,yes,no,2,121,404.506439,-122.146065,10,"#c5ae00"
92,,Jörg Müller,m,,person,yes,no,2,50,-1226.091309,1530.345459,10,"#c0c0c0"
93,,Eduard Freitag,,,person,yes,no,2,51,-1635.649048,-976.504395,10,"#c0c0c0"
94,,Roland Ris,m,1939,person,yes,no,2,127,339.696411,-200.220154,10,"#814172"
95,,Christian Thomas,m,1948,person,yes,no,2,101,165.10878,-150.031601,10,"#37d911"
96,,Hans Primas,m,1928,person,yes,no,2,101,250.492554,-112.174446,10,"#37d911"
97,,Walter Schneider,m,1928,person,yes,no,2,101,301.989319,-109.384117,10,"#37d911"
98,,Mary Catherine Bateson,w,1939,person,yes,no,2,144,-149.906601,147.982971,10,"#00d8ff"
99,,Georges Enderle,m,1943,person,yes,no,2,111,542.277954,-76.923927,10,"#aad096"
100,,Renate Schlüssel,w,,person,yes,no,2,52,-883.557861,1707.49939,10,"#c0c0c0"
101,,Thomas Matus,m,1940,person,yes,no,2,137,-18.067305,5.769498,10,"#006c7e"
102,,Leonor Varela,w,1947,person,yes,no,2,144,-101.109459,203.68219,10,"#00d8ff"
103,,Hans Weber,m,1937,person,yes,no,2,121,340.628326,-125.112953,10,"#c5ae00"
104,,D. Fölsch,,,person,yes,no,2,53,815.722656,1779.184326,10,"#c0c0c0"
105,,Otto Schärli,m,1930,person,yes,no,2,101,192.242172,-154.326385,10,"#37d911"
106,,Martin Henglein,m,1953,person,yes,no,2,54,931.495178,1698.324585,10,"#c0c0c0"
107,,Ursula Zwahlen,w,,person,yes,no,2,55,-1005.310852,1679.859253,10,"#c0c0c0"
108,,Marianne Parmiggiani,w,,person,yes,no,2,56,-1023.562683,-1677.348389,10,"#c0c0c0"
109,,August E. Hohler,m,1925,person,yes,no,2,121,391.628143,-100.509102,10,"#c5ae00"
110,,Lizelle Reymond,w,1899,person,yes,no,2,86,-2216.727539,-1616.557251,10,"#c0c0c0"
111,,Elisabeth Blum,w,1952,person,yes,no,2,101,183.547256,-122.9021,10,"#37d911"
112,,Bernhard Strecker,m,1940,person,yes,no,2,57,17.944567,-1985.363159,10,"#c0c0c0"
113,,Ernest Rosenberg,,,person,yes,no,2,58,172.779526,1986.296753,10,"#c0c0c0"
114,,Peter Bumbacher,,,person,yes,no,2,59,63.036674,1968.926514,10,"#c0c0c0"
115,,Peter Binz,,,person,yes,no,2,60,-1237.488281,1677.75061,10,"#c0c0c0"
116,,C. Eugster,,,person,yes,no,2,61,1035.095581,-1758.239502,10,"#c0c0c0"
117,,R. Frei,,,person,yes,no,2,62,-1902.751831,-661.964844,10,"#c0c0c0"
118,,Eva Wertenschlag,w,1950,person,yes,no,2,138,267.632568,-139.275742,10,"#fab1b7"
119,,Guy Poupart,m,,person,yes,no,2,101,168.25235,-103.252983,10,"#37d911"
120,,G. Goerges,,,person,yes,no,2,63,1358.331665,1460.610596,10,"#c0c0c0"
121,,Gina Schibler,w,1956,person,yes,no,2,106,737.834656,2682.426514,10,"#c0c0c0"
122,,Jan Olof Stenflo,m,1942,person,yes,no,2,101,260.049652,-170.022766,10,"#37d911"
123,,Branco Weiss,m,1929,person,yes,no,2,146,22.224066,184.307953,10,"#187122"
124,,W. Mahler,,,person,yes,no,2,64,1977.276611,359.408112,10,"#c0c0c0"
125,,Alfons Schilling,,,person,yes,no,2,65,1922.065063,626.053162,10,"#c0c0c0"
126,,Tonino Zellweger,m,1942,person,yes,no,2,101,208.709671,-77.779739,10,"#37d911"
127,,Bruno Spoerri,m,1935,person,yes,no,2,124,1492.648193,2472.072266,10,"#c0c0c0"
128,,Nold Egenter,m,1938,person,yes,no,2,136,184.278717,-85.606094,10,"#ff7f1a"
129,,Mariann M. Hamel,w,1937,person,yes,no,2,101,354.964813,-104.031624,10,"#37d911"
130,,Geshe Geduen Sangpo,m,1917,person,yes,no,2,109,1146.933594,2614.321289,10,"#c0c0c0"
131,,Ursula Rathgeb,w,,person,yes,no,2,66,1934.400757,-695.455811,10,"#c0c0c0"
132,,Agatha Wydler,w,1945,person,yes,no,2,133,233.595886,-218.27121,10,"#ff7cff"
133,,Samy Frenk,m,1934,person,yes,no,2,144,-188.768127,248.337341,10,"#00d8ff"
134,,Noemi Frenk,w,,person,yes,no,2,67,1040.472046,1724.162476,10,"#c0c0c0"
135,,Shneior Lifson,m,1914,person,yes,no,2,115,-2525.356445,993.815674,10,"#c0c0c0"
136,,Lekshe Gyatso,,,person,yes,no,2,68,1403.131714,1552.469482,10,"#c0c0c0"
137,,Riccardo Pierantoni,,,person,yes,no,2,69,-1879.145264,-517.878906,10,"#c0c0c0"
138,,Hsiao,,,person,yes,no,2,70,1269.155151,-1628.031494,10,"#c0c0c0"
139,,Karl Bättig,m,1926,person,yes,no,2,101,231.983017,-137.472855,10,"#37d911"
140,,Peter Sitte,m,1929,person,yes,no,2,107,-1330.217529,-2432.302246,10,"#c0c0c0"
141,,Peter Schudel,m,1928,person,yes,no,2,127,501.053101,-372.740906,10,"#814172"
142,,Paul Watzlawick,m,1921,person,yes,no,2,133,107.239357,-260.258057,10,"#ff7cff"
143,,Heinz Herzka,m,1935,person,yes,no,2,121,405.31778,-146.570023,10,"#c5ae00"
144,,Al Huang,,,person,yes,no,2,136,-159.430557,40.021854,10,"#ff7f1a"
145,,Antonio Greco,,,person,yes,no,2,124,1520.947021,2483.260254,10,"#c0c0c0"
146,,Jim Nollman,m,1947,person,yes,no,2,108,2642.792969,918.908997,10,"#c0c0c0"
147,,Humberto Maturana,m,1928,person,yes,no,2,144,-165.314255,262.932068,10,"#00d8ff"
148,,Hanna Lifson,,,person,yes,no,2,71,-891.69928,-1795.622559,10,"#c0c0c0"
149,,Yohikazu Ikeda,m,,person,yes,no,2,114,-589.545532,-2772.668701,10,"#c0c0c0"
150,,Paul W. Müller,m,1929,person,yes,no,2,101,216.257278,-156.938507,10,"#37d911"
151,,Michael J. Denton,m,1943,person,yes,no,2,132,-1761.549316,-2249.267578,10,"#c0c0c0"
152,,Elisabeth Stern,,,person,yes,no,2,72,1458.925537,1470.767212,10,"#c0c0c0"
153,,Theo Ginsburg,m,1926,person,yes,no,2,111,600.713989,-94.44635,10,"#aad096"
154,,Diana Hornung,,,person,yes,no,2,73,2066.003418,-283.536957,10,"#c0c0c0"
155,,Sonja Buholzer,w,1960,person,yes,no,2,121,431.480743,-121.093803,10,"#c5ae00"
156,,Martin C. E. Huber,m,1936,person,yes,no,2,101,296.262878,-266.951416,10,"#37d911"
157,,Hans Christoph Binswanger,m,1929,person,yes,no,2,111,453.628143,-95.198006,10,"#aad096"
158,,Peter Walde,,,person,yes,no,2,74,2041.581299,146.545715,10,"#c0c0c0"
159,,Cecily Corti,w,1940,person,yes,no,2,99,394.323639,-349.47525,10,"#72adff"
160,,Andalo Carrega,,,person,yes,no,2,75,-1582.030518,-1255.883423,10,"#c0c0c0"
161,,Katya Walter,w,1941,person,yes,no,2,133,257.708466,-297.468048,10,"#ff7cff"
162,,Helga Boedecker,w,,person,yes,no,2,112,2914.54126,-147.153824,10,"#c0c0c0"
163,,Michel Joly,m,,person,yes,no,2,76,1688.63916,1058.021118,10,"#c0c0c0"
164,,Gerda Verden-Zoeller,w,,person,yes,no,2,144,-201.139832,305.343475,10,"#00d8ff"
165,,Christiane Thurn,w,1943,person,yes,no,2,99,331.687195,-271.272736,10,"#72adff"
166,,Philip Howard,m,1933,person,yes,no,2,110,-2010.749146,2045.261353,10,"#c0c0c0"
167,,Joan Davis,w,1937,person,yes,no,2,111,624.966736,-115.795815,10,"#aad096"
168,,Walter Petter,,,person,yes,no,2,77,2003.43335,-742.634705,10,"#c0c0c0"
169,,Marianne Heide,,,person,yes,no,2,78,-1999.003784,480.994629,10,"#c0c0c0"
170,,Beatrice Lüthi,,,person,yes,no,2,79,-1090.424561,-1623.760132,10,"#c0c0c0"
171,,Masaki Nakajima,m,,person,yes,no,2,116,-2738.37793,-297.916534,10,"#c0c0c0"
172,,Anthony Adams,,,person,yes,no,2,80,1975.755127,478.904663,10,"#c0c0c0"
173,,Pascale Bachmann,,,person,yes,no,2,81,-1895.767944,643.651489,10,"#c0c0c0"
174,,Esther Schreier,,,person,yes,no,2,82,1402.338013,1379.988281,10,"#c0c0c0"
175,,Karl-Henrik Robert,m,1947,person,yes,no,2,122,-1907.415161,2346.277588,10,"#c0c0c0"
176,,Theodor Abt,m,1947,person,yes,no,2,101,276.088257,-113.427681,10,"#37d911"
177,,Paul Carter,m,,person,yes,no,2,136,-229.329178,49.456703,10,"#ff7f1a"
178,,Richard Baker-roshi,m,1936,person,yes,no,2,136,-133.027023,-19.622101,10,"#ff7f1a"
179,,Beatrix Tappeser,w,1954,person,yes,no,2,119,90.710045,-2685.685303,10,"#c0c0c0"
180,,Christina Thürmer-Rohr,w,1936,person,yes,no,2,101,159.960434,-370.510712,10,"#37d911"
181,,Hans-Peter Dürr,m,1929,person,yes,no,2,118,161.040482,85.992332,10,"#c0c0c0"
182,,Clifford Saron,m,,person,yes,no,2,144,-134.203903,291.110352,10,"#00d8ff"
183,,Pino G. Bartalotta,m,,person,yes,no,2,83,1145.501343,1546.861938,10,"#c0c0c0"
184,,Dieter Steiner,m,1932,person,yes,no,2,101,327.183319,-105.418167,10,"#37d911"
185,,Shizuko Ouwehand,w,1938,person,yes,no,2,99,400.229248,-247.637039,10,"#72adff"
186,,Patrizia Tosi,w,1964,person,yes,no,2,120,-21.804537,2866.660156,10,"#c0c0c0"
187,,Valerio De Rubeis,m,1963,person,yes,no,2,120,-34.65324,2840.098389,10,"#c0c0c0"
188,,Georg Thurn,m,1942,person,yes,no,2,99,294.122589,-203.556137,10,"#72adff"
189,,Roland Förster,m,1953,person,yes,no,2,101,171.101715,-64.940186,10,"#37d911"
190,,Martina Burchska,w,,person,yes,no,2,127,474.358215,-372.959106,10,"#814172"
191,,Christian Walsoe,m,1951,person,yes,no,2,101,180.293228,-175.944778,10,"#37d911"
192,,Hans Peter Bernhard,m,1941,person,yes,no,2,101,258.246735,-214.277756,10,"#37d911"
193,,Hanna Johansen,w,1939,person,yes,no,2,121,423.017426,-37.875557,10,"#c5ae00"
194,,José Vazquez,m,1955,person,yes,no,2,123,2072.991943,-1903.483276,10,"#c0c0c0"
195,,Norwood Russell Hanson,m,1924,person,no,no,2,133,-140.057037,-201.071106,10,"#ff7cff"
196,,Mary Brenda Hesse,w,1924,person,no,no,2,133,-161.62764,-189.159363,10,"#ff7cff"
197,,Donald Factor,m,1934,person,no,no,2,133,-109.404358,-174.512482,10,"#ff7cff"
198,,Jiddu Krishnamurti,m,1895,person,no,no,2,133,7.725234,-222.131683,10,"#ff7cff"
199,,Francis David Peat,m,1938,person,no,no,2,133,-49.830154,-89.02636,10,"#ff7cff"
200,,Paavo Pylkkänen,m,1959,person,no,no,2,133,-159.713486,-152.486969,10,"#ff7cff"
201,,Mark Edwards,m,,person,no,no,2,133,-33.46793,-206.347824,10,"#ff7cff"
202,,Basil J. Hiley,m,1935,person,no,no,2,133,-34.939159,-107.862885,10,"#ff7cff"
203,,Ernst Friedrich Schumacher,m,1911,person,no,no,2,134,-15.448708,263.621216,10,"#ff5684"
204,,Gregory Bateson,m,,person,no,no,2,144,-153.502289,100.915878,10,"#00d8ff"
205,,Heinz von Foerster,m,1911,person,no,no,2,144,-167.421555,235.907516,10,"#00d8ff"
206,,Ramon Margalef,,,person,no,no,2,144,-246.897842,207.831711,10,"#00d8ff"
207,,Gordon Pask,,,person,no,no,2,144,-228.916168,195.792587,10,"#00d8ff"
208,,Alan Kay,,,person,no,no,2,144,-184.292969,215.972809,10,"#00d8ff"
209,,Terry Winograd,,,person,no,no,2,144,-203.805542,227.015305,10,"#00d8ff"
210,,Steve Baer,,,person,no,no,2,144,-208.217133,205.248093,10,"#00d8ff"
211,,Stewart Brand,,,person,no,no,2,136,-101.764938,139.124451,10,"#ff7f1a"
212,,Robert Edgar,,,person,no,no,2,144,-226.091217,218.841446,10,"#00d8ff"
213,,Carol Proudfoot,,,person,no,no,2,144,-221.533966,241.433838,10,"#00d8ff"
214,,Wolfang Dahlberg,m,1955,person,no,no,2,135,-224.645004,-147.753159,10,"#00cca6"
215,,Michael von Brück,m,1949,person,no,no,2,135,-225.258804,-125.17662,10,"#00cca6"
216,,Eileen Caddy,w,1917,person,no,no,2,135,-247.31015,-114.056541,10,"#00cca6"
217,,Brita Dahlberg,w,,person,no,no,2,135,-267.036316,-103.936638,10,"#00cca6"
218,,Hans Endres,m,1911,person,no,no,2,135,-266.288086,-126.020081,10,"#00cca6"
219,,Karl-Heinz Gottmann,,,person,no,no,2,135,-245.199249,-136.146957,10,"#00cca6"
220,,Peter Michael Hamel,,,person,no,no,2,135,-252.189392,-87.784401,10,"#00cca6"
221,,Inge Hölscher,,,person,no,no,2,135,-277.275726,-84.051392,10,"#00cca6"
222,,Pir Vilayat Inayat Khan,,,person,no,no,2,135,-203.378601,-114.779236,10,"#00cca6"
223,,Hazrath Inayat Khan,,,person,no,no,2,135,-237.869247,-69.879219,10,"#00cca6"
224,,Friedrich Kroeger,,,person,no,no,2,135,-198.951843,-91.908424,10,"#00cca6"
225,,Rabbi Zalman Schachter,,,person,no,no,2,135,-265.068848,-148.358704,10,"#00cca6"
226,,Siegfried Scharf,,,person,no,no,2,135,-204.504288,-137.271988,10,"#00cca6"
227,,Susanne Schaup,,,person,no,no,2,135,-214.638626,-72.621445,10,"#00cca6"
228,,Huston Smith,,,person,no,no,2,136,-170.837219,11.766027,10,"#ff7f1a"
229,,Sun Bear,,,person,no,no,2,135,-261.246552,-67.096573,10,"#00cca6"
230,,Hans Torwesten,,,person,no,no,2,135,-288.673798,-108.731407,10,"#00cca6"
231,,Irina Tweedie,,,person,no,no,2,135,-244.415833,-158.936508,10,"#00cca6"
232,,Dalai Lama,,,person,no,no,2,136,-92.004051,3.645305,10,"#ff7f1a"
233,,Joachim E. Berendt,,,person,no,no,2,136,-161.466187,-11.65934,10,"#ff7f1a"
234,,Gopi Krishna,,,person,no,no,2,136,-137.733643,32.435059,10,"#ff7f1a"
235,,Robert Baker Aitken,,,person,no,no,2,137,-115.851646,-70.224831,10,"#006c7e"
236,,James Lovelock,,,person,no,no,2,137,-164.678604,123.207413,10,"#006c7e"
237,,Henri Atlan,,,person,no,no,2,144,-176.895615,168.031174,10,"#00d8ff"
238,,John Todd,,,person,no,no,2,144,-212.863617,180.353882,10,"#00d8ff"
239,,Evan Thompson,,,person,no,no,2,144,-125.669594,142.764801,10,"#00d8ff"
240,,Arthur Zajonc,,,person,no,no,2,144,-272.251587,175.281143,10,"#00d8ff"
241,,Wes Jackson,,,person,no,no,2,144,-249.140747,181.973724,10,"#00d8ff"
242,,Nancy Jack Todd,,,person,no,no,2,144,-255.711838,159.881027,10,"#00d8ff"
243,,Susan Oyama,,,person,no,no,2,144,-265.821838,139.724045,10,"#00d8ff"
244,,Mauro Ceruti,,,person,no,no,2,144,-267.992004,197.374771,10,"#00d8ff"
245,,Gianluca Bocchi,,,person,no,no,2,144,-282.521881,155.24353,10,"#00d8ff"
246,,Newcomb Greenleaf,,,person,no,no,2,146,60.176289,223.492432,10,"#187122"
247,,Jeremy W. Hayward,,,person,no,no,2,146,41.335014,239.387268,10,"#187122"
248,,Robert B. Livingston,,,person,no,no,2,146,70.028664,331.625214,10,"#187122"
249,,Eleanor Rosch,,,person,no,no,2,146,1.339596,208.79953,10,"#187122"
250,,Patricia Smith Churchland,,,person,no,no,2,146,122.425415,425.184601,10,"#187122"
251,,Antonio R. Damasio,,,person,no,no,2,146,120.640625,448.782654,10,"#187122"
252,,Larry R. Squire,,,person,no,no,2,146,107.792458,468.092133,10,"#187122"
253,,J. Allan Hobson,,,person,no,no,2,146,86.51149,458.911957,10,"#187122"
254,,Lewis L. Judd,,,person,no,no,2,146,72.49881,439.71225,10,"#187122"
255,,Richard Davidson,,,person,no,no,2,144,-121.534882,344.092834,10,"#00d8ff"
256,,Daniel Brown,,,person,no,no,2,144,-77.448219,201.769485,10,"#00d8ff"
257,,Lee Yearly,,,person,no,no,2,144,-87.218529,318.49411,10,"#00d8ff"
258,,Daniel Goleman,,,person,no,no,2,144,-131.838425,320.782501,10,"#00d8ff"
259,,Sharon Salzberg,,,person,no,no,2,144,-94.736221,342.309326,10,"#00d8ff"
260,,Jon Kabat-Zinn,,,person,no,no,2,144,-109.399002,324.576904,10,"#00d8ff"
261,,Jerome Engel,,,person,no,no,2,146,13.922991,141.924118,10,"#187122"
262,,Jayne Gackenbach,,,person,no,no,2,146,5.343353,164.18605,10,"#187122"
263,,Joyce McDougall,,,person,no,no,2,146,28.084051,160.015198,10,"#187122"
264,,Charles Taylor,,,person,no,no,2,146,-2.094829,121.113609,10,"#187122"
265,,B. Alan Wallace,,,person,no,no,2,133,-10.208014,54.485161,10,"#ff7cff"
266,,Paul Bourgine,,,person,no,no,2,144,-101.588928,264.903015,10,"#00d8ff"
267,,Jonathan Shear,,,person,no,no,2,144,-79.784126,274.498596,10,"#00d8ff"
268,,Jean Petitot,,,person,no,no,2,144,-65.967003,329.584595,10,"#00d8ff"
269,,Bernard Pachoud,,,person,no,no,2,144,-41.477535,319.300201,10,"#00d8ff"
270,,Jean-Michel Roy,,,person,no,no,2,144,-46.806503,342.633698,10,"#00d8ff"
271,,Hugo Kükelhaus,,,person,no,no,2,101,202.867996,-175.399261,10,"#37d911"
272,,Nicholas Spencer,,,person,no,no,2,84,-392.403168,-1997.64624,10,"#c0c0c0"
273,,Marcus Textor,,,person,no,no,2,85,-1573.849731,1377.032593,10,"#c0c0c0"
274,,Sri Anirvan,,,person,no,no,2,86,-2234.370361,-1630.852905,10,"#c0c0c0"
275,,Paul Feyerabend,,,person,no,no,2,101,151.022018,-173.670624,10,"#37d911"
276,,Harald Atmanspacher,m,1955,person,yes,no,2,138,205.910645,28.04826,10,"#fab1b7"
277,,Wilhelm Reich,,,person,no,no,2,136,66.357162,80.523949,10,"#ff7f1a"
278,,G. C. Jung,,,person,no,no,2,99,330.911011,-411.981628,10,"#72adff"
279,,Joachim Ernst Berendt,,,person,no,no,2,136,-213.143387,-31.967916,10,"#ff7f1a"
280,,Chikuen Kugai Roshi (Henry Platov),,,person,no,no,2,133,254.297531,-238.964752,10,"#ff7cff"
281,,Stephano Sabetti,,,person,no,no,2,99,398.826233,-592.676514,10,"#72adff"
282,,Peter Baumann,,,person,no,no,2,99,425.56781,-580.751892,10,"#72adff"
283,,Georg Verden,,,person,no,no,2,144,-219.880463,334.718414,10,"#00d8ff"
284,,Shunryu Suzuki Roshi,,,person,no,no,2,136,-108.98214,-39.791416,10,"#ff7f1a"
285,,Werner Heisenberg,,,person,no,no,2,118,202.587997,135.811386,10,"#c0c0c0"
286,,Karlfried Graf Dürckheim,,,person,no,no,2,99,373.865326,-316.818054,10,"#72adff"
287,,Y. Takao,,,person,no,no,2,99,406.055267,-272.351868,10,"#72adff"
288,,Kentin Tai Situpa,,,person,no,no,2,88,2164.268066,1596.431396,10,"#c0c0c0"
289,,Adolf Muschg,m,1934,person,yes,no,2,121,356.395325,-62.615044,10,"#c5ae00"
290,,Mia Segal,,,person,no,no,2,121,449.572968,-41.012333,10,"#c5ae00"
291,,Milton Erickson,,,person,no,no,2,136,-254.664871,61.109161,10,"#ff7f1a"
292,,Virginia Satir,,,person,no,no,2,136,-196.061371,31.445602,10,"#ff7f1a"
293,,Anna Halprin,,,person,no,no,2,136,-271.247772,44.275486,10,"#ff7f1a"
294,,John Lilly,,,person,no,no,2,136,-182.662933,50.932148,10,"#ff7f1a"
295,,Stephen Gilligan,,,person,no,no,2,136,-250.529205,32.431862,10,"#ff7f1a"
296,,Sergio Bellucci,,,person,yes,no,2,87,-1583.300781,-1446.447388,10,"#c0c0c0"
297,,Rainer Boesch,m,1938,person,yes,no,2,124,1482.67627,2513.824951,10,"#c0c0c0"
298,,Bruno Dalle Carbona,m,1961,person,yes,no,2,101,389.447449,-292.917999,10,"#37d911"
299,,Gail Fleischaker,w,,person,yes,no,2,139,-23.662104,170.611252,10,"#c0c0c0"
300,,Bilge Gülec,w,,person,yes,no,2,101,199.487656,-244.866425,10,"#37d911"
301,,Erwin Kessler,m,1944,person,yes,no,2,137,76.961922,-130.921921,10,"#006c7e"
302,,Heidi Kessler,w,1946,person,yes,no,2,137,90.86113,-152.909409,10,"#006c7e"
303,,Andreas Kistler,m,1943,person,yes,no,2,127,471.752472,-316.981445,10,"#814172"
304,,Irene Kummer,w,1944,person,yes,no,2,121,341.981689,-84.423134,10,"#c5ae00"
305,,Marco Maestro,m,1928,person,yes,no,2,125,134.431595,136.077133,10,"#c0c0c0"
306,,Terence McKenna,m,1946,person,yes,no,2,136,-39.379349,41.791759,10,"#ff7f1a"
307,,Jakob Nüesch,m,1932,person,yes,no,2,101,236.401657,-168.556473,10,"#37d911"
308,,James A. Ogilvy,m,,person,yes,no,2,136,-53.023476,110.558365,10,"#ff7f1a"
309,,Helmut Remmler,m,1928,person,yes,no,2,133,225.899841,-320.685303,10,"#ff7cff"
310,,Dorothee Sölle,w,1929,person,yes,no,2,101,392.72934,-8.930745,10,"#37d911"
311,,Martin Spühler,m,1943,person,yes,no,2,11,119.806274,-310.866272,10,"#c0c0c0"
312,,Karin Stumpf,w,1967,person,yes,no,2,121,414.724762,-101.0672,10,"#c5ae00"
313,,Klaus Von Berlepsch,m,1931,person,yes,no,2,127,505.453888,-345.536896,10,"#814172"
314,,Stefano Colonna,,,person,no,no,2,139,75.320824,133.936676,10,"#c0c0c0"
315,,Fred von Allmen,m,1943,person,yes,no,2,88,2203.850342,1621.7854,10,"#c0c0c0"
316,,Yamada Koun Roshi,,,person,no,no,2,121,483.013824,-151.914795,10,"#c5ae00"
317,,Ralph H. Abraham,,,person,no,no,2,136,-142.315887,78.169228,10,"#ff7f1a"
318,,Fatima Mernissi,w,1940,person,yes,no,2,130,652.61322,202.74176,10,"#854e1e"
319,,Peter Schwartz,,,person,no,no,2,136,-42.56406,85.63385,10,"#ff7f1a"
320,,Catherine Chrétien,w,,person,yes,no,2,89,-1473.505005,1489.200806,10,"#c0c0c0"
321,,Béatrice Elsener,w,1953,person,yes,no,2,133,222.059311,-296.311554,10,"#ff7cff"
322,,Charles Enz,m,1925,person,yes,no,2,138,236.305038,-10.09448,10,"#fab1b7"
323,,Padre Don Sante Felici,m,,person,yes,no,2,90,2181.846924,-382.107819,10,"#c0c0c0"
324,,Bettina Heintz,w,1949,person,yes,no,2,127,441.94046,-199.150146,10,"#814172"
325,,Rudolf Högger,m,1940,person,yes,no,2,121,364.497314,-169.128906,10,"#c5ae00"
326,,Olaf Kübler,m,1944,person,yes,no,2,101,189.795609,-200.211304,10,"#37d911"
327,,Antonio Lazcano,m,1950,person,yes,no,2,144,23.654869,118.320015,10,"#00d8ff"
328,,Rainer Matschuck,m,1946,person,yes,no,2,91,380.640778,2095.074219,10,"#c0c0c0"
329,,Pamela McCorduck,w,1940,person,yes,no,2,92,-808.846252,-1850.56958,10,"#c0c0c0"
330,,K. Alex Müller,m,1927,person,yes,no,2,138,308.44812,-51.984177,10,"#fab1b7"
331,,Marco Pogacnik,m,1944,person,yes,no,2,128,418.563477,-2839.949463,10,"#c0c0c0"
332,,Tullio Regge,m,1931,person,yes,no,2,118,231.902054,167.777557,10,"#c0c0c0"
333,,Michael Vetter,m,1943,person,yes,no,2,136,-140.11171,55.515221,10,"#ff7f1a"
334,,Marianne Zimmermann,w,1943,person,yes,no,2,129,-176.426971,-2934.336182,10,"#c0c0c0"
335,,Andre Dreiding,,,person,yes,no,2,93,1608.574219,1461.249634,10,"#c0c0c0"
336,,S. Ris,,,person,yes,no,2,94,1589.84314,-1533.188232,10,"#c0c0c0"
337,,Georg Weissmann,m,,person,yes,no,2,136,101.195671,-76.173912,10,"#ff7f1a"
338,,Konrad Hungerbühler,,,person,yes,no,2,95,275.788391,2137.049561,10,"#c0c0c0"
339,,Rangjung Rigpe Dorje,,,person,no,no,2,96,2487.888916,1264.209351,10,"#c0c0c0"
340,,Kalu Rinpoche,,,person,no,no,2,96,2464.698975,1232.913208,10,"#c0c0c0"
341,,Chee Kim Thong,,,person,no,no,2,96,2505.991943,1224.480835,10,"#c0c0c0"
342,,Wolfgang Pauli,,,person,no,no,2,138,301.10556,-26.606277,10,"#fab1b7"
343,,Gerhard Huber,,,person,no,no,2,138,296.433289,-3.741225,10,"#fab1b7"
344,,Herbert van Erkelens,,,person,no,no,2,138,257.020905,-23.123388,10,"#fab1b7"
345,,Rigmor Robert,,,person,no,no,2,138,278.87738,-17.730595,10,"#fab1b7"
346,,Wilhelm Just,,,person,no,no,2,138,263.56601,0.567952,10,"#fab1b7"
347,,Marlis Buchmann,,,person,yes,no,2,97,-1972.445557,898.799438,10,"#c0c0c0"
348,,Kurt Osterwalder,,,person,yes,no,2,98,1698.006348,-1413.560913,10,"#c0c0c0"
349,,Günter Haffelder,m,1940,person,yes,no,2,131,-2507.048584,-1259.567627,10,"#c0c0c0"
350,,Vidyadhar Vaidya,m,1939,person,yes,no,2,133,254.641602,-338.565338,10,"#ff7cff"
351,,Holger Morgenstern,m,1959,person,yes,no,2,133,38.601284,-168.77002,10,"#ff7cff"
352,,John Maddox,m,1925,person,yes,no,2,132,-1795.013428,-2287.743164,10,"#c0c0c0"
353,,Luc Steels,m,1952,person,yes,no,2,144,-308.738312,274.968719,10,"#00d8ff"
354,,Yehuda Elkana,m,1934,person,yes,no,2,130,567.566711,155.520218,10,"#854e1e"
355,,Helga Nowotny,w,1937,person,yes,no,2,130,328.955933,17.266726,10,"#854e1e"
356,,Martin Quack,m,1948,person,yes,no,2,136,124.205009,-63.855072,10,"#ff7f1a"
357,,Otto Roessler,m,1940,person,yes,no,2,138,286.125977,20.127226,10,"#fab1b7"
358,,Anton Amann,,,person,no,no,2,138,282.088745,68.127296,10,"#fab1b7"
359,,Carl Friedrich von Weizsäcker,,,person,no,no,2,138,279.383057,45.293797,10,"#fab1b7"
360,,Manuel Laso,m,1959,person,yes,no,2,101,206.081879,-136.001877,10,"#37d911"
361,,David Spangler,m,1945,person,no,no,2,144,-197.930832,164.254608,10,"#00d8ff"
362,,Keiji Nishitani,m,1900,person,no,no,2,144,-222.061356,129.478104,10,"#00d8ff"
363,,David Orr,m,,person,no,no,2,144,-242.764359,137.150177,10,"#00d8ff"
364,,Sim Van der Ryn,m,1935,person,no,no,2,144,-211.497208,108.290291,10,"#00d8ff"
365,,Michael Murphy,m,1930,person,no,no,2,136,-118.48288,74.867126,10,"#ff7f1a"
366,,Wendell Berry,m,1934,person,no,no,2,144,-208.35051,145.797729,10,"#00d8ff"
367,,James Parks Morton,m,1930,person,no,no,2,144,-199.603699,126.178635,10,"#00d8ff"
368,,Marie-Louise von Franz,w,1915,person,no,no,2,136,-161.173065,63.12677,10,"#ff7f1a"
369,,Stanislav Grof,m,1931,person,no,no,2,133,-85.897919,54.153778,10,"#ff7cff"
370,,Thich Nhat Hanh,m,,person,no,no,2,144,-56.497829,138.160461,10,"#00d8ff"
371,,Dae Sahn sa Nim,m,,person,no,no,2,144,-72.779144,154.043198,10,"#00d8ff"
372,,Peter Schellenbaum,,,person,no,no,2,99,467.406647,-652.846497,10,"#72adff"
373,,Gereon Wolters,m,1944,person,no,no,2,101,292.254608,-68.270775,10,"#37d911"
2001,,ETH Zürich,,,organization,,,2,101,215.144867,-109.258652,10,"#37d911"
2002,,Universität Rom III,,,organization,,,2,101,111.812965,52.646992,10,"#37d911"
2003,,Scola Normale Superiore,,,organization,,,2,101,95.199501,71.994301,10,"#37d911"
2004,,IAP (Institut für Angewandte Psychologie),,,organization,,,2,99,368.596405,-491.351257,10,"#72adff"
2005,,Universität Köln,,,organization,,,2,101,350.094604,-33.555954,10,"#37d911"
2006,,"Center for European Studies, Harvard University",,,organization,,,2,121,334.961761,-168.68663,10,"#c5ae00"
2007,,Universität Zürich,,,organization,,,2,121,375.397247,-124.337761,10,"#c5ae00"
2008,,Univerisät Wien,,,organization,,,2,130,159.264297,-1.307883,10,"#854e1e"
2009,,Fundamental Fyssiks Group,,,organization,,,2,136,79.583397,-87.831757,10,"#ff7f1a"
2010,,Ciba-Geigy AG,,,organization,,,2,101,219.564697,-192.708145,10,"#37d911"
2011,,Auroville,,,organization,,,2,104,-2218.759033,1569.241211,10,"#c0c0c0"
2012,,Johns Hopkins University,,,organization,,,2,136,-284.204926,-15.104659,10,"#ff7f1a"
2013,,"Department of History, University of Victoria",,,organization,,,2,136,-276.731659,-37.190945,10,"#ff7f1a"
2014,,University of Warwick,,,organization,,,2,100,1052.204102,1940.997192,10,"#c0c0c0"
2015,,Birbeck College,,,organization,,,2,133,-117.860847,-118.180138,10,"#ff7cff"
2016,,"University of California, Berkeley",,,organization,,,2,136,24.738331,-26.397261,10,"#ff7f1a"
2017,,Universität Basel,,,organization,,,2,101,282.094086,-225.592346,10,"#37d911"
2018,,Lindisfarne Fellows,,,organization,,,2,144,-116.788795,117.98983,10,"#00d8ff"
2019,,World Future Society,,,organization,,,2,134,-23.323332,241.496201,10,"#ff5684"
2020,,Zoologisches Museum der Universität Zürich,,,organization,,,2,144,-262.3508,115.521553,10,"#00d8ff"
2021,,Sandoz,,,organization,,,2,136,118.859711,-5.670699,10,"#ff7f1a"
2022,,Spiritualist Association Of Great Britain,,,organization,,,2,135,-311.05072,-149.184174,10,"#00cca6"
2023,,"University of California, San Diego",,,organization,,,2,136,-220.834488,-8.681807,10,"#ff7f1a"
2024,,Universität Genf,,,organization,,,2,136,140.716339,35.167377,10,"#ff7f1a"
2025,,Kloster Mount Saviour,,,organization,,,2,137,-52.618732,-40.246708,10,"#006c7e"
2026,,Departement Umweltnaturwissenschaften der ETH Zürich,,,organization,,,2,101,286.030273,-90.69754,10,"#37d911"
2027,,Tassajara Zen Mountain Center,,,organization,,,2,137,-60.5014,-64.63044,10,"#006c7e"
2028,,Cornell University,,,organization,,,2,144,-206.082825,86.875381,10,"#00d8ff"
2029,,MIT,,,organization,,,2,144,-248.099686,231.570908,10,"#00d8ff"
2030,,York Univerity,,,organization,,,2,102,960.842834,-2034.820923,10,"#c0c0c0"
2031,,Harvard University,,,organization,,,2,144,-152.109558,216.690735,10,"#00d8ff"
2032,,Max Planck Institute for Brain Research,,,organization,,,2,144,-124.134804,209.344284,10,"#00d8ff"
2033,,Centre national de la recherche scientifique (CNRS),,,organization,,,2,144,-119.39431,188.22522,10,"#00d8ff"
2034,,University of Chile,,,organization,,,2,144,-144.989929,249.43782,10,"#00d8ff"
2035,,Mind and Life Institute,,,organization,,,2,144,-109.295952,226.664673,10,"#00d8ff"
2036,,Amherst College,,,organization,,,2,144,-165.162109,197.593765,10,"#00d8ff"
2037,,George Mason University,,,organization,,,2,103,1878.048462,1246.845703,10,"#c0c0c0"
2038,,Universität Fribourg,,,organization,,,2,99,354.058746,-286.241272,10,"#72adff"
2039,,Jesuitenorden,,,organization,,,2,111,566.757324,-69.028557,10,"#aad096"
2040,,Universität St. Gallen,,,organization,,,2,111,516.497437,-83.480583,10,"#aad096"
2041,,New Camaldoli Hermitage,,,organization,,,2,137,-76.260826,-43.487526,10,"#006c7e"
2042,,Fordham University,,,organization,,,2,137,-10.817297,-22.843815,10,"#006c7e"
2043,,Pontifical Council for Interreligious Dialogue,,,organization,,,2,137,-12.240228,30.084787,10,"#006c7e"
2044,,Athenaeum Anselmianum,,,organization,,,2,137,4.403634,-4.7209,10,"#006c7e"
2045,,Esalen Institut,,,organization,,,2,136,-72.140541,79.841026,10,"#ff7f1a"
2046,,Schweizerische Akademie der Geistes- und Sozialwissenschaften,,,organization,,,2,127,355.338135,-222.162949,10,"#814172"
2047,,diehasena,,,organization,,,2,101,157.216736,-125.996521,10,"#37d911"
2048,,AGU (Arbeitsgemeinschaft Umwelt),,,organization,,,2,101,138.429413,-151.051971,10,"#37d911"
2049,,Indian Administrative Service,,,organization,,,2,104,-2258.439697,1594.427979,10,"#c0c0c0"
2050,,"Komission für interdiziplinäre Veranstaltungen, ETH Zürich",,,organization,,,2,101,119.299545,-117.022079,10,"#37d911"
2051,,Costeau Society,,,organization,,,2,134,-62.266342,253.908798,10,"#ff5684"
2052,,Futures Research Quarterly,,,organization,,,2,134,-45.226997,239.037964,10,"#ff5684"
2053,,U.S. Congres office of Technology Assessment,,,organization,,,2,134,-2.62947,232.116806,10,"#ff5684"
2054,,National Academy of Engineering,,,organization,,,2,134,-26.13632,196.941422,10,"#ff5684"
2055,,National Science Foundation,,,organization,,,2,134,-20.882086,219.188644,10,"#ff5684"
2056,,Zoologisches Museum der Universität Zürich,,,organization,,,2,144,-274.902313,96.094391,10,"#00d8ff"
2057,,International Institute for Bioenergetic Analysis,,,organization,,,2,136,43.843403,91.728615,10,"#ff7f1a"
2058,,Buddhists concerned for Animals,,,organization,,,2,137,-10.431051,-115.402824,10,"#006c7e"
2059,,Center for Spiritual Studies,,,organization,,,2,105,497.025482,-2189.682129,10,"#c0c0c0"
2060,,Kabir Universität,,,organization,,,2,144,-141.458115,194.520737,10,"#00d8ff"
2061,,Universität Bern,,,organization,,,2,127,430.437286,-241.629272,10,"#814172"
2062,,Das Forschungs- und Ausbildungszentrum für Tiefenpsychologie nach C.G. Jung und M.-L. von Franz,,,organization,,,2,138,295.016602,-133.92836,10,"#fab1b7"
2063,,Evangelischen Studienzentrum Boldern,,,organization,,,2,106,741.799683,2704.865234,10,"#c0c0c0"
2064,,Lund Universität,,,organization,,,2,101,272.726257,-191.24382,10,"#37d911"
2065,,"Institut für Astronomie, ETH Zürich",,,organization,,,2,101,249.170776,-191.387711,10,"#37d911"
2066,,Institut für theoretische Physik der Universität Wien,,,organization,,,2,138,230.189804,14.659353,10,"#fab1b7"
2067,,Albert-Ludwigs-Universität Freiburg,,,organization,,,2,107,-1340.811157,-2452.473145,10,"#c0c0c0"
2068,,C. G. Jung Institut,,,organization,,,2,133,237.4561,-259.066986,10,"#ff7cff"
2069,,F. Hoffmann-La-Roche & Co. Ag,,,organization,,,2,127,479.512604,-345.77774,10,"#814172"
2070,,Givaudan Forschungsgesellschaft,,,organization,,,2,127,519.942505,-391.00766,10,"#814172"
2071,,Universität Venedig,,,organization,,,2,133,93.294258,-282.91629,10,"#ff7cff"
2072,,Tagesklinik für Kinder- und Jugendpsychiatrie,,,organization,,,2,121,426.89682,-162.197159,10,"#c5ae00"
2073,,Interspecies Communication,,,organization,,,2,108,2664.87085,924.501831,10,"#c0c0c0"
2074,,Schweizerisches Zentrum für Computermusik (SZCM),,,organization,,,2,124,1500.163086,2494.828369,10,"#c0c0c0"
2075,,Tibet-Institut Rikon,,,organization,,,2,109,1153.320679,2636.099609,10,"#c0c0c0"
2076,,University of Colorado,,,organization,,,2,144,-210.746994,271.532532,10,"#00d8ff"
2077,,The Times,,,organization,,,2,110,-2027.656616,2060.383301,10,"#c0c0c0"
2078,,Neue Analysen für Wirtschaft und Umwelt (NAWU),,,organization,,,2,111,568.554626,-104.020203,10,"#aad096"
2079,,"Institut für Kristallographie und Petrographie, ETHZ",,,organization,,,2,112,2937.233154,-148.357864,10,"#c0c0c0"
2080,,Interdisziplinäre Vorlesungreihe der Universität Zürich,,,organization,,,2,121,460.241699,-122.556198,10,"#c5ae00"
2081,,Schauspiel Akademie Zürich,,,organization,,,2,113,-901.189941,2663.610107,10,"#c0c0c0"
2082,,Umweltzentrum für Ökologicshe Strukturforschung Schloss Türnich,,,organization,,,2,99,406.776337,-371.522278,10,"#72adff"
2083,,Dianus-Trikont-Verlag,,,organization,,,2,99,333.321075,-299.70697,10,"#72adff"
2084,,"Department of Pathology, University of New South Wales",,,organization,,,2,132,-1737.539185,-2251.148926,10,"#c0c0c0"
2085,,Bristol University,,,organization,,,2,132,-1765.895142,-2225.497314,10,"#c0c0c0"
2086,,King's College London,,,organization,,,2,132,-1778.383789,-2268.515869,10,"#c0c0c0"
2087,,"Geographisches Institut, ETHZ",,,organization,,,2,111,623.771973,-84.537804,10,"#aad096"
2088,,Wissenschaft-Departement der Europäischnen Weltraum-Organisation (ESA),,,organization,,,2,101,302.620972,-292.213501,10,"#37d911"
2089,,Hida Global Institute of Human Art,,,organization,,,2,114,-595.713989,-2794.404541,10,"#c0c0c0"
2090,,Hebräische Universität,,,organization,,,2,115,-2544.855713,1006.852722,10,"#c0c0c0"
2091,,Weizmann-Institut,,,organization,,,2,115,-2506.102051,980.281799,10,"#c0c0c0"
2092,,Freie Universität Berlin,,,organization,,,2,138,311.434296,-164.791443,10,"#fab1b7"
2093,,C. G. Jung-Institut Berlin,,,organization,,,2,138,294.336456,-180.402023,10,"#fab1b7"
2094,,Kinder- und Jugendpschiatrischen Beratungstelle,,,organization,,,2,138,316.469513,-187.866714,10,"#fab1b7"
2095,,Universität Salzburg,,,organization,,,2,144,-228.87294,312.774109,10,"#00d8ff"
2096,,Forschungsstelle für Ökopychologie der frühen Kindheit,,,organization,,,2,144,-196.189896,333.452881,10,"#00d8ff"
2097,,University of Texas at Austin,,,organization,,,2,133,273.176575,-317.709778,10,"#ff7cff"
2098,,Shogen-dojo,,,organization,,,2,133,221.561111,-238.36174,10,"#ff7cff"
2099,,Balaton Group,,,organization,,,2,111,649.815918,-107.064392,10,"#aad096"
2100,,Eawag,,,organization,,,2,111,645.509888,-131.744171,10,"#aad096"
2101,,Mitsubishi Research Institute,,,organization,,,2,116,-2761.014648,-299.789093,10,"#c0c0c0"
2102,,Zen Meditiation and Study Center,,,organization,,,2,117,-1877.072998,-1293.611694,10,"#c0c0c0"
2103,,San Francisco Zen Center,,,organization,,,2,136,-175.41449,-31.204712,10,"#ff7f1a"
2104,,Green Gulch Zen Practice Community and Farm,,,organization,,,2,136,-171.066498,-53.814537,10,"#ff7f1a"
2105,,Dharma Sangha Western Zen Center,,,organization,,,2,136,-149.733353,-63.043941,10,"#ff7f1a"
2106,,Santa Fe Zen Center,,,organization,,,2,136,-131.99823,-48.574932,10,"#ff7f1a"
2107,,Colorado Zen Mountain Retreat,,,organization,,,2,136,-153.333862,-38.513954,10,"#ff7f1a"
2108,,Max-Planck-Institut für Phyik,,,organization,,,2,118,190.817535,98.863602,10,"#c0c0c0"
2109,,Doshisha University,,,organization,,,2,99,429.083344,-267.38031,10,"#72adff"
2110,,Meditations- und Therapiezentrum von Prof. K. Dürckheim,,,organization,,,2,99,353.879364,-362.204651,10,"#72adff"
2111,,Universität Bonn,,,organization,,,2,119,66.7519,-2684.654785,10,"#c0c0c0"
2112,,Die Grünen,,,organization,,,2,119,103.842293,-2665.404297,10,"#c0c0c0"
2113,,Öko-Institut,,,organization,,,2,119,100.99807,-2707.504639,10,"#c0c0c0"
2114,,Sapienza Universita di Roma,,,organization,,,2,120,-10.814777,2845.013672,10,"#c0c0c0"
2115,,Istituto Nazionale di Geofisica (ING),,,organization,,,2,120,-45.653206,2861.826416,10,"#c0c0c0"
2116,,Alusuisse-Lonza Services AG,,,organization,,,2,101,163.940506,-40.964218,10,"#37d911"
2117,,INSEAD,,,organization,,,2,101,163.627441,-194.686569,10,"#37d911"
2118,,Universität Heidelberg,,,organization,,,2,101,171.217636,-306.466919,10,"#37d911"
2119,,Pädagogische Hochschule Berlin,,,organization,,,2,101,168.127411,-396.250366,10,"#37d911"
2120,,TU Berlin,,,organization,,,2,101,143.609375,-391.949341,10,"#37d911"
2121,,Universität Marburg,,,organization,,,2,121,442.379028,-17.613096,10,"#c5ae00"
2122,,Albert Einstein College of Medicine,,,organization,,,2,144,-155.071671,314.398346,10,"#00d8ff"
2123,,Karolinske Institut,,,organization,,,2,122,-1922.379517,2364.459229,10,"#c0c0c0"
2124,,The Natural Step,,,organization,,,2,122,-1892.147217,2327.729736,10,"#c0c0c0"
2125,,Wien Barock,,,organization,,,2,123,2083.368652,-1882.397705,10,"#c0c0c0"
2126,,Wiener Musikhochschule,,,organization,,,2,123,2064.513916,-1925.405396,10,"#c0c0c0"
2127,,Groupe de Recherches Musicales (GRM),,,organization,,,2,124,1491.083984,2536.366211,10,"#c0c0c0"
2128,,Institut de recherche et coordination acoustique/musique (IRCAM),,,organization,,,2,124,1458.639038,2512.311035,10,"#c0c0c0"
2129,,EPFL,,,organization,,,2,136,147.557037,-72.369202,10,"#ff7f1a"
2130,,Boston University,,,organization,,,2,139,-4.741245,185.69722,10,"#c0c0c0"
2131,,Universität Stuttgart,,,organization,,,2,101,204.841629,-270.23761,10,"#37d911"
2132,,Verein gegen Tierfabriken Schweiz,,,organization,,,2,137,53.051693,-144.077271,10,"#006c7e"
2133,,Verein gegen Tierfabriken Österreich,,,organization,,,2,137,68.789909,-161.82283,10,"#006c7e"
2134,,Nationale Aktion gegn die Überfremdung von Volk und Heimat,,,organization,,,2,137,53.642967,-119.967651,10,"#006c7e"
2135,,The Human Farming Association,,,organization,,,2,137,7.240673,-98.308601,10,"#006c7e"
2136,,Schweizerische Gesellschaft für Individualpsycyhologie (SGIPA),,,organization,,,2,121,374.797333,-80.83445,10,"#c5ae00"
2137,,Universität Florenz,,,organization,,,2,125,138.71666,169.706131,10,"#c0c0c0"
2138,,Universität Bari,,,organization,,,2,125,158.93956,158.323944,10,"#c0c0c0"
2139,,Unione Scienziati per il Disarmo,,,organization,,,2,125,160.025269,134.727051,10,"#c0c0c0"
2140,,Interdepartmental Reesarch on Peace Center of Bari,,,organization,,,2,125,118.998314,156.616684,10,"#c0c0c0"
2141,,Universität Mohammed V,,,organization,,,2,126,885.906128,2066.766602,10,"#c0c0c0"
2142,,UNESCO,,,organization,,,2,130,678.581909,202.063583,10,"#854e1e"
2143,,Brandeis Universität,,,organization,,,2,130,626.864197,188.500961,10,"#854e1e"
2144,,Hochschulbeirat der Vereinten Nationen,,,organization,,,2,130,666.031555,225.005936,10,"#854e1e"
2146,,Yale University,,,organization,,,2,136,-35.009003,131.227722,10,"#ff7f1a"
2147,,Stanford Research Institute,,,organization,,,2,136,-17.778988,90.262947,10,"#ff7f1a"
2148,,Global Business Network (GBN),,,organization,,,2,136,-94.742027,106.450935,10,"#ff7f1a"
2149,,Internationale Gesellschaft für Tiefenpsychologie,,,organization,,,2,133,197.716736,-307.579865,10,"#ff7cff"
2150,,Müncher Arbeitsgemeinschaft für Psychoanalyse,,,organization,,,2,133,224.500793,-348.838593,10,"#ff7cff"
2151,,Union Theological Seminary New York,,,organization,,,2,101,414.753723,5.647636,10,"#37d911"
2152,,Psychoanalitisches Seminar Luzern,,,organization,,,2,133,203.894653,-331.91745,10,"#ff7cff"
2153,,Universität Neuenburg,,,organization,,,2,138,211.053253,1.648346,10,"#fab1b7"
2154,,Universität Mainz,,,organization,,,2,127,470.167816,-197.081223,10,"#814172"
2155,,Universität Bielefeld,,,organization,,,2,127,461.319641,-219.880508,10,"#814172"
2156,,Nationale Forschungsprogramm der Schweiz für Künstliche Intelligenz und Robotik,,,organization,,,2,101,181.561691,-225.452347,10,"#37d911"
2157,,Eidgenössisches Department für Auwärtiges,,,organization,,,2,121,389.500031,-170.493652,10,"#c5ae00"
2158,,Schweizerisch Staatliche Entwicklungshilfe,,,organization,,,2,121,366.712311,-195.348236,10,"#c5ae00"
2159,,International Center for Integrated Mountain Development (ICIMOD),,,organization,,,2,121,389.549469,-196.765182,10,"#c5ae00"
2160,,Nationala Autonomous University of Mexico,,,organization,,,2,144,40.27438,137.24498,10,"#00d8ff"
2161,,IBM Research Laboratory,,,organization,,,2,138,326.32782,-31.488092,10,"#fab1b7"
2162,,OHO,,,organization,,,2,128,436.669708,-2824.911133,10,"#c0c0c0"
2163,,Sempas-Familie,,,organization,,,2,128,401.059601,-2855.582764,10,"#c0c0c0"
2164,,Rochester University,,,organization,,,2,118,259.849609,187.820038,10,"#c0c0c0"
2165,,Universität Turin,,,organization,,,2,118,258.329407,164.318787,10,"#c0c0c0"
2166,,Europäisches Parlament,,,organization,,,2,118,240.646942,200.964996,10,"#c0c0c0"
2167,,Comitato Italiano per il Controllo delle Affermazioni sulle Pseudoscienze (CICAP),,,organization,,,2,118,219.203232,191.058044,10,"#c0c0c0"
2168,,Schule für Tanz- und Bewegungstherapie,,,organization,,,2,129,-179.935516,-2956.850586,10,"#c0c0c0"
2169,,Ludwig-Maximilians-Universität München,,,organization,,,2,138,192.93898,52.728718,10,"#fab1b7"
2170,,Institut für Grenzgebiete der Psychologie e. V.,,,organization,,,2,138,216.888794,57.030907,10,"#fab1b7"
2171,,Santa Fe Institute,,,organization,,,2,138,239.492233,44.400978,10,"#fab1b7"
2172,,Universität Regensburg,,,organization,,,2,121,347.588531,-148.977325,10,"#c5ae00"
2173,,"Cohn Institut for the History and PHilosophy of Science and Ideas, Tel Aviv University",,,organization,,,2,130,591.304382,169.679947,10,"#854e1e"
2174,,Van Leer Jerusalem Institute,,,organization,,,2,130,569.435059,181.656967,10,"#854e1e"
2175,,Wissenschaftskolleg Berlin,,,organization,,,2,130,591.513733,144.749451,10,"#854e1e"
2176,,Collegium Budapest,,,organization,,,2,130,457.268951,92.491631,10,"#854e1e"
2177,,Columbia University,,,organization,,,2,130,336.183899,44.945816,10,"#854e1e"
2178,,Collegium Helveticum,,,organization,,,2,121,359.30835,-9.909224,10,"#c5ae00"
2179,,Branco Weiss Fellowship,,,organization,,,2,130,360.052216,44.289974,10,"#854e1e"
2180,,European Research Council (ERC),,,organization,,,2,130,357.042236,20.645557,10,"#854e1e"
2181,,International Transpersonal Association (ITA),,,organization,,,2,136,-114.847,47.171387,10,"#ff7f1a"
2182,,HELVETAS,,,organization,,,2,121,408.65509,-183.299393,10,"#c5ae00"
2183,,Institut für Kommunikation und Gehirnforschung,,,organization,,,2,131,-2528.38208,-1267.624634,10,"#c0c0c0"
2184,,Union Institute & University,,,organization,,,2,144,-28.608648,109.903023,10,"#00d8ff"
2185,,California Institute of Integral Studies (CIIS),,,organization,,,2,144,-49.464436,159.466324,10,"#00d8ff"
2186,,Nature,,,organization,,,2,132,-1810.512695,-2305.496094,10,"#c0c0c0"
2187,,Goethe-Universität Frankfurt,,,organization,,,2,133,80.310951,-212.621582,10,"#ff7cff"
2188,,Scientific and Medical Network,,,organization,,,2,133,-28.629179,-51.708347,10,"#ff7cff"
2189,,Universität Erlangen-Nürnberg,,,organization,,,2,133,156.929123,-286.949951,10,"#ff7cff"
2190,,Eberhard-Karls-Universität Tübingen,,,organization,,,2,138,304.34549,39.820023,10,"#fab1b7"
2191,,Institut für Psychodrama und Aktionsmethoden,,,organization,,,2,99,428.213837,-610.339172,10,"#72adff"
2192,,University of Antwerp,,,organization,,,2,144,-336.063568,279.134247,10,"#00d8ff"
2193,,Vrije Universiteit Brussel (VUB),,,organization,,,2,144,-321.730011,299.389282,10,"#00d8ff"
2194,,Justus-Liebig-Universität Giessen,,,organization,,,2,133,248.179291,-366.569427,10,"#ff7cff"
2195,,August-Weihe Institut für homöopathische Medizin,,,organization,,,2,133,271.75943,-359.951477,10,"#ff7cff"
5001,,The Systems View of Life: A Unifying Vision,,,publication,,,2,137,10.043283,21.842844,10,"#006c7e"
5002,,The Reenchantment of the World,,,publication,,,2,136,-307.663391,-14.942481,10,"#ff7f1a"
5003,,Coming to Our Senses: Body and Spirit in the Hidden History of the West,,,publication,,,2,136,-299.612457,-37.008396,10,"#ff7f1a"
5004,,Wandering God: A Study in Nomadic Spirituality,,,publication,,,2,136,-253.867264,-40.026936,10,"#ff7f1a"
5005,,The Twilight of American Culture,,,publication,,,2,136,-296.443085,5.759242,10,"#ff7f1a"
5006,,Dark Ages America: The Final Phase of Empire,,,publication,,,2,136,-273.282135,7.715153,10,"#ff7f1a"
5007,,Quantum Theory,,,publication,,,2,133,-66.752335,-105.32415,10,"#ff7cff"
5008,,Causality and Chance in Modern Physics,,,publication,,,2,133,-99.276642,-130.722672,10,"#ff7cff"
5009,,"Quanta and Reality, A Symposium",,,publication,,,2,133,-138.729111,-173.605545,10,"#ff7cff"
5010,,The Special Theory of Relativity,,,publication,,,2,133,-121.829803,-94.491814,10,"#ff7cff"
5011,,Wholeness and the Implicate Order,,,publication,,,2,133,-139.283051,-109.874603,10,"#ff7cff"
5012,,Unfolding Meaning: A weekend of dialogie with David Bohm,,,publication,,,2,133,-117.059898,-149.141998,10,"#ff7cff"
5013,,The Ending of Time,,,publication,,,2,133,-41.429867,-172.511948,10,"#ff7cff"
5014,,"Science, Order, and Creativity",,,publication,,,2,133,-76.539009,-126.03476,10,"#ff7cff"
5015,,Meaning and Information in: The Search for Meaning: The New Spirit in Science and Philosophy,,,publication,,,2,133,-139.666367,-136.095795,10,"#ff7cff"
5016,,"Changing Consciouness: Exploring the Hidden Source of the Social, Political and Environmental Crises Facing our World",,,publication,,,2,133,-67.787109,-166.999344,10,"#ff7cff"
5017,,The Undivided Universe: An ontological interpretation of quantum theory,,,publication,,,2,133,-52.615067,-126.313599,10,"#ff7cff"
5018,,Creating Alternative Futures: The End of Economics,,,publication,,,2,134,-29.836159,281.78244,10,"#ff5684"
5019,,The Politics of the Solar Age,,,publication,,,2,134,-38.203117,259.602051,10,"#ff5684"
5020,,"Redefining Wealth and Progress: New Ways to Measure Economic, Social, and Environmental Change : The Caracas Report on Alternative Development Indicators",,,publication,,,2,134,-54.523663,275.007629,10,"#ff5684"
5021,,Paradigms in Progress,,,publication,,,2,134,4.896166,253.134506,10,"#ff5684"
5022,,Building a Win-Win World,,,publication,,,2,134,-66.178658,231.719635,10,"#ff5684"
5023,,Wege in ein neues Bewusstsein: Skizzen zu einer neuen Welt,,,publication,,,2,135,-227.029266,-98.310196,10,"#00cca6"
5024,,Andere Wirklichkeiten. Die neue Konvergenz von Naturwissenschaften und spirituellen Traditionen,,,publication,,,2,136,-144.708939,8.684356,10,"#ff7f1a"
5025,,Belonging to the Universe: Explorations on the Frontiers of Science and Spirituality,,,publication,,,2,137,-36.569057,-16.697203,10,"#006c7e"
5026,,"The Ground We Share: Everyday Practice, Buddhist and Christian",,,publication,,,2,137,-93.371002,-60.177528,10,"#006c7e"
5027,,Gaia. A Way of Knowing: Political Implications of the New Biology,,,publication,,,2,144,-155.530945,175.468994,10,"#00d8ff"
5028,,Gaia 2: Emergence: The New Science of Becoming,,,publication,,,2,144,-228.221802,159.516052,10,"#00d8ff"
5029,,Autopoiesis and Cognition: The realization of the living,,,publication,,,2,144,-120.907509,250.750854,10,"#00d8ff"
5030,,The Tree of Knowledge: A new look at the biological roots of human understanding,,,publication,,,2,144,-132.591934,230.217529,10,"#00d8ff"
5031,,The Embodied Mind: Cognitive cience and human experience,,,publication,,,2,146,-61.896576,181.75647,10,"#187122"
5032,,Toward a Practice of Autonomous Systems: Proceedings of the First European Conference on Artificial Life,,,publication,,,2,144,-86.920067,223.709076,10,"#00d8ff"
5033,,The View from Within: First-person Approaches to the Study of Consciousness,,,publication,,,2,144,-86.588562,247.280365,10,"#00d8ff"
5034,,Naturalizing Phenomenology: Issues in Contemporary Phenomenology and Cognitive Science,,,publication,,,2,144,-61.719398,302.721619,10,"#00d8ff"
5035,,Angels Fear: Towards an Epistemology of the Sacred,,,publication,,,2,144,-129.769608,98.173538,10,"#00d8ff"
5036,,Der Pauli-Jung-Dialog und seine Bedeutung für die moderne Wissenschaft,,,publication,,,2,138,274.996429,-42.425495,10,"#fab1b7"
5037,,Elementare Quantenchemie,,,publication,,,2,101,262.515808,-91.683746,10,"#37d911"
5038,,"Imagination of an Insurrection, Dublin, Easter 1916: A Study of an Ideological Movement",,,publication,,,2,144,-227.506516,81.225655,10,"#00d8ff"
5039,,Passages about Earth: An Exploration of the New Planetary Culture,,,publication,,,2,144,-248.200821,90.380836,10,"#00d8ff"
5040,,The Time Falling Bodies Take to Light,,,publication,,,2,144,-207.218338,64.722321,10,"#00d8ff"
5041,,Blue Jade from the Morning Star: An Essay and a Cycle of Poems on Quatzalcoatl,,,publication,,,2,144,-185.678833,76.126694,10,"#00d8ff"
5042,,Yoga and the Jesus Prayer Tradition: An Experiment in Faith,,,publication,,,2,137,25.924974,4.317042,10,"#006c7e"
5043,,Self-Production of Supramolecular Structures: From Synthetic Structures to Models of Minimal Living Systems,,,publication,,,2,139,55.972813,116.916786,10,"#c0c0c0"
5044,,"Trialogues at the Edge of the West: Chaos, Creativity and the Resacralization fo the World",,,publication,,,2,136,-63.822029,46.391937,10,"#ff7f1a"
5045,,"On Quanta,Mind and Matter: Hans Primas in Context",,,publication,,,2,138,259.323486,27.643492,10,"#fab1b7"
5046,,Nutzniesser und Betroffene von Wissenschaften,,,publication,,,2,140,2362.167725,341.349335,10,"#c0c0c0"
5047,,Wissenschaft und Tradition,,,publication,,,2,141,1620.856079,-1763.631104,10,"#c0c0c0"
5048,,Kunst und Wissenschaft,,,publication,,,2,142,1848.947754,1476.819092,10,"#c0c0c0"
5049,,Grenzprobleme der Wissenschaften,,,publication,,,2,143,-2038.805054,-916.104065,10,"#c0c0c0"
5050,,"Leben mit den ""Acht Todsünden der zivilisierten Menschheit""?",,,publication,,,2,101,128.147919,-176.938995,10,"#37d911"
5051,,Annals Of Earth,,,publication,,,2,144,-181.276733,142.839462,10,"#00d8ff"
5052,,GAIA- Ecological Perspectives for Science and Society,,,publication,,,2,101,311.611938,-83.083427,10,"#37d911"
5053,,Umdenken in der Naturwissenschaft,,,publication,,,2,101,243.640671,-75.887833,10,"#37d911"
6030,,Concepts on the Move,,,event,,,2,145,2346.512939,-34.797619,10,"#c0c0c0"
6031,,"Andere Wirklichkeiten: Die Konvergenz neuer Naturwissenschaften
und alter spiritueller Traditionen.",,,event,,,2,136,-116.577446,11.660914,10,"#ff7f1a"
6032,,Human Unity Conference,,,event,,,2,133,-93.191971,-154.572952,10,"#ff7cff"
6033,,Mind/Body Dualism Conference,,,event,,,2,144,-188.472305,189.58847,10,"#00d8ff"
6034,,Mind and Life 1,,,event,,,2,146,34.128574,210.28772,10,"#187122"
6035,,Mind and Life 2,,,event,,,2,146,97.636749,432.942078,10,"#187122"
6036,,Mind and Life 3,,,event,,,2,144,-106.609093,298.892975,10,"#00d8ff"
6037,,Mind and Life 4,,,event,,,2,146,-11.448858,144.853424,10,"#187122"
6038,,Mind and Life 5,,,event,,,2,147,718.547546,2232.199951,10,"#c0c0c0"
6039,,Mind and Life 6,,,event,,,2,148,-1679.557617,1644.76123,10,"#c0c0c0"
6040,,Mind and Life 7,,,event,,,2,149,-1036.15271,-2038.929932,10,"#c0c0c0"
6041,,Mind and Life 8,,,event,,,2,150,642.574341,-2275.82666,10,"#c0c0c0"
6042,,Mind and Life 9,,,event,,,2,151,2360.101074,-564.18158,10,"#c0c0c0"
6043,,Mind and Life 10,,,event,,,2,152,-2215.97876,776.09668,10,"#c0c0c0"
6044,,Mind in Nature,,,event,,,2,144,-141.244232,123.659828,10,"#00d8ff"
6045,,Planetary Culture and the New Image of Humanity,,,event,,,2,153,389.292511,-2313.178711,10,"#c0c0c0"
6046,,Conscious Evolution and the Evolution of Consciousness,,,event,,,2,154,-1913.521118,1234.578369,10,"#c0c0c0"
6047,,A Light Governance for America: the Cultures and Strategies of Decentralization,,,event,,,2,155,2207.220703,-878.316772,10,"#c0c0c0"
6048,,Das Irrationale in den Naturwissenschaften: Wolfgang Paulis Begegnung mit dem Geist der Materie,,,event,,,2,138,242.087112,-43.83651,10,"#fab1b7"
6049,,Additional research,,,event,,,2,156,-1699.183594,1561.137573,10,"#c0c0c0"
6050,,Mystics and Scientists,,,event,,,2,137,-51.418579,16.032618,10,"#006c7e"
3019,,,,,,,,,136,99.141815,-28.617321,10,"#ff7f1a"
