Source,Target,Type,Id,Label,Weight,attribute,MMNT-EdgeType,Color
87,81,Undirected,2,,1,personal,,"#000000"
51,34,Undirected,3,,1,personal,,"#000000"
16,90,Undirected,4,,1,personal,,"#000000"
16,24,Undirected,7,,1,personal,,"#000000"
34,101,Undirected,13,,1,personal,,"#000000"
78,102,Undirected,14,,1,personal,,"#000000"
80,119,Undirected,15,,1,personal,,"#000000"
147,133,Undirected,20,,1,personal,,"#000000"
164,147,Undirected,23,,1,personal,,"#000000"
165,188,Undirected,24,,1,personal,,"#000000"
189,1,Undirected,31,,1,personal,,"#000000"
193,289,Undirected,32,,1,personal,,"#000000"
184,129,Undirected,34,,1,personal,,"#000000"
21,299,Undirected,41,,1,personal,,"#000000"
301,302,Undirected,42,,1,personal,,"#000000"
301,51,Undirected,43,,1,personal,,"#000000"
304,289,Undirected,44,,1,personal,,"#000000"
315,18,Undirected,45,,1,personal,,"#000000"
1,305,Undirected,46,,1,personal,,"#000000"
50,311,Undirected,51,,1,personal,,"#000000"
311,90,Undirected,52,,1,personal,,"#000000"
1,327,Undirected,57,,1,personal,,"#000000"
327,78,Undirected,58,,1,personal,,"#000000"
78,1,Undirected,59,,1,personal,,"#000000"
78,133,Undirected,65,,1,personal,,"#000000"
58,41,Undirected,72,,1,personal,,"#000000"
184,276,Undirected,2928,person-person,1,,person<--->person,"#000000"
276,322,Undirected,2929,person-person,2,,person<--->person,"#000000"
276,330,Undirected,2930,person-person,1,,person<--->person,"#000000"
157,176,Undirected,2924,person-person,1,,person<--->person,"#000000"
157,276,Undirected,2925,person-person,1,,person<--->person,"#000000"
176,276,Undirected,2926,person-person,2,,person<--->person,"#000000"
176,357,Undirected,2927,person-person,1,,person<--->person,"#000000"
118,322,Undirected,2922,person-person,1,,person<--->person,"#000000"
118,330,Undirected,2923,person-person,1,,person<--->person,"#000000"
118,184,Undirected,2920,person-person,1,,person<--->person,"#000000"
118,276,Undirected,2921,person-person,2,,person<--->person,"#000000"
118,157,Undirected,2919,person-person,1,,person<--->person,"#000000"
97,357,Undirected,2918,person-person,1,,person<--->person,"#000000"
97,276,Undirected,2917,person-person,1,,person<--->person,"#000000"
97,118,Undirected,2916,person-person,1,,person<--->person,"#000000"
96,357,Undirected,2915,person-person,1,,person<--->person,"#000000"
79,178,Undirected,2906,person-person,1,,person<--->person,"#000000"
80,357,Undirected,2907,person-person,1,,person<--->person,"#000000"
84,118,Undirected,2908,person-person,2,,person<--->person,"#000000"
78,178,Undirected,2904,person-person,1,,person<--->person,"#000000"
79,87,Undirected,2905,person-person,1,,person<--->person,"#000000"
78,79,Undirected,2903,person-person,1,,person<--->person,"#000000"
75,178,Undirected,2902,person-person,1,,person<--->person,"#000000"
74,147,Undirected,2901,person-person,1,,person<--->person,"#000000"
72,330,Undirected,2900,person-person,1,,person<--->person,"#000000"
72,322,Undirected,2899,person-person,1,,person<--->person,"#000000"
84,157,Undirected,2909,person-person,1,,person<--->person,"#000000"
84,276,Undirected,2910,person-person,3,,person<--->person,"#000000"
84,357,Undirected,2911,person-person,1,,person<--->person,"#000000"
87,147,Undirected,2912,person-person,2,,person<--->person,"#000000"
72,176,Undirected,2897,person-person,1,,person<--->person,"#000000"
72,276,Undirected,2898,person-person,1,,person<--->person,"#000000"
72,96,Undirected,2895,person-person,1,,person<--->person,"#000000"
72,118,Undirected,2896,person-person,1,,person<--->person,"#000000"
96,157,Undirected,2913,person-person,1,,person<--->person,"#000000"
96,276,Undirected,2914,person-person,2,,person<--->person,"#000000"
34,75,Undirected,2891,person-person,1,,person<--->person,"#000000"
34,79,Undirected,2892,person-person,1,,person<--->person,"#000000"
44,79,Undirected,2893,person-person,1,,person<--->person,"#000000"
72,84,Undirected,2894,person-person,1,,person<--->person,"#000000"
33,79,Undirected,2890,person-person,1,,person<--->person,"#000000"
21,147,Undirected,2883,person-person,1,,person<--->person,"#000000"
27,72,Undirected,2884,person-person,1,,person<--->person,"#000000"
27,84,Undirected,2885,person-person,1,,person<--->person,"#000000"
27,276,Undirected,2886,person-person,1,,person<--->person,"#000000"
27,322,Undirected,2887,person-person,1,,person<--->person,"#000000"
27,330,Undirected,2888,person-person,1,,person<--->person,"#000000"
33,34,Undirected,2889,person-person,1,,person<--->person,"#000000"
8,276,Undirected,2875,person-person,1,,person<--->person,"#000000"
8,322,Undirected,2876,person-person,1,,person<--->person,"#000000"
21,47,Undirected,2877,person-person,1,,person<--->person,"#000000"
21,74,Undirected,2878,person-person,1,,person<--->person,"#000000"
21,78,Undirected,2879,person-person,4,,person<--->person,"#000000"
21,81,Undirected,2880,person-person,1,,person<--->person,"#000000"
21,87,Undirected,2881,person-person,5,,person<--->person,"#000000"
21,98,Undirected,2882,person-person,1,,person<--->person,"#000000"
1,6,Undirected,2869,person-person,1,,person<--->person,"#000000"
1,299,Undirected,2870,person-person,1,,person<--->person,"#000000"
6,75,Undirected,2871,person-person,1,,person<--->person,"#000000"
6,78,Undirected,2872,person-person,1,,person<--->person,"#000000"
6,79,Undirected,2873,person-person,1,,person<--->person,"#000000"
8,84,Undirected,2874,person-person,1,,person<--->person,"#000000"
44,80,Undirected,2008,person-person,1,,person<--->person,"#000000"
78,289,Undirected,2093,person-person,1,,person<--->person,"#000000"
78,189,Undirected,2091,person-person,1,,person<--->person,"#000000"
78,188,Undirected,2090,person-person,1,,person<--->person,"#000000"
80,322,Undirected,2135,person-person,2,,person<--->person,"#000000"
80,325,Undirected,2136,person-person,2,,person<--->person,"#000000"
44,78,Undirected,2007,person-person,1,,person<--->person,"#000000"
78,87,Undirected,2069,person-person,2,,person<--->person,"#000000"
78,84,Undirected,2068,person-person,2,,person<--->person,"#000000"
44,76,Undirected,2006,person-person,1,,person<--->person,"#000000"
44,74,Undirected,2005,person-person,1,,person<--->person,"#000000"
44,47,Undirected,2004,person-person,2,,person<--->person,"#000000"
34,355,Undirected,2003,person-person,1,,person<--->person,"#000000"
34,308,Undirected,2002,person-person,1,,person<--->person,"#000000"
78,94,Undirected,2070,person-person,1,,person<--->person,"#000000"
78,81,Undirected,2066,person-person,1,,person<--->person,"#000000"
78,80,Undirected,2065,person-person,2,,person<--->person,"#000000"
34,276,Undirected,2000,person-person,1,,person<--->person,"#000000"
80,326,Undirected,2137,person-person,4,,person<--->person,"#000000"
77,96,Undirected,2056,person-person,1,,person<--->person,"#000000"
76,276,Undirected,2052,person-person,1,,person<--->person,"#000000"
34,178,Undirected,1999,person-person,2,,person<--->person,"#000000"
77,161,Undirected,2060,person-person,1,,person<--->person,"#000000"
78,95,Undirected,2071,person-person,2,,person<--->person,"#000000"
78,96,Undirected,2072,person-person,2,,person<--->person,"#000000"
76,87,Undirected,2048,person-person,1,,person<--->person,"#000000"
74,78,Undirected,2039,person-person,1,,person<--->person,"#000000"
74,101,Undirected,2043,person-person,1,,person<--->person,"#000000"
74,98,Undirected,2042,person-person,2,,person<--->person,"#000000"
80,330,Undirected,2138,person-person,2,,person<--->person,"#000000"
72,85,Undirected,2036,person-person,1,,person<--->person,"#000000"
34,98,Undirected,1998,person-person,2,,person<--->person,"#000000"
51,178,Undirected,2035,person-person,2,,person<--->person,"#000000"
78,97,Undirected,2073,person-person,1,,person<--->person,"#000000"
78,301,Undirected,2094,person-person,1,,person<--->person,"#000000"
47,308,Undirected,2033,person-person,1,,person<--->person,"#000000"
47,182,Undirected,2030,person-person,1,,person<--->person,"#000000"
47,276,Undirected,2031,person-person,1,,person<--->person,"#000000"
47,101,Undirected,2027,person-person,1,,person<--->person,"#000000"
47,87,Undirected,2025,person-person,3,,person<--->person,"#000000"
47,98,Undirected,2026,person-person,2,,person<--->person,"#000000"
44,101,Undirected,2012,person-person,1,,person<--->person,"#000000"
80,337,Undirected,2139,person-person,2,,person<--->person,"#000000"
44,98,Undirected,2011,person-person,1,,person<--->person,"#000000"
80,84,Undirected,2107,person-person,4,,person<--->person,"#000000"
80,94,Undirected,2108,person-person,2,,person<--->person,"#000000"
80,351,Undirected,2140,person-person,1,,person<--->person,"#000000"
44,87,Undirected,2010,person-person,2,,person<--->person,"#000000"
44,82,Undirected,2009,person-person,1,,person<--->person,"#000000"
80,355,Undirected,2141,person-person,2,,person<--->person,"#000000"
80,356,Undirected,2142,person-person,2,,person<--->person,"#000000"
80,360,Undirected,2143,person-person,4,,person<--->person,"#000000"
80,307,Undirected,2134,person-person,5,,person<--->person,"#000000"
34,76,Undirected,1993,person-person,1,,person<--->person,"#000000"
34,74,Undirected,1992,person-person,2,,person<--->person,"#000000"
81,98,Undirected,2144,person-person,1,,person<--->person,"#000000"
34,47,Undirected,1990,person-person,2,,person<--->person,"#000000"
82,87,Undirected,2145,person-person,1,,person<--->person,"#000000"
34,44,Undirected,1989,person-person,1,,person<--->person,"#000000"
33,356,Undirected,1988,person-person,1,,person<--->person,"#000000"
30,77,Undirected,1964,person-person,2,,person<--->person,"#000000"
27,350,Undirected,1963,person-person,1,,person<--->person,"#000000"
30,96,Undirected,1965,person-person,2,,person<--->person,"#000000"
80,95,Undirected,2109,person-person,4,,person<--->person,"#000000"
27,309,Undirected,1961,person-person,1,,person<--->person,"#000000"
27,176,Undirected,1960,person-person,1,,person<--->person,"#000000"
27,132,Undirected,1957,person-person,1,,person<--->person,"#000000"
27,142,Undirected,1958,person-person,1,,person<--->person,"#000000"
27,118,Undirected,1956,person-person,1,,person<--->person,"#000000"
74,81,Undirected,2040,person-person,1,,person<--->person,"#000000"
76,98,Undirected,2049,person-person,1,,person<--->person,"#000000"
74,178,Undirected,2044,person-person,1,,person<--->person,"#000000"
27,96,Undirected,1955,person-person,1,,person<--->person,"#000000"
27,77,Undirected,1954,person-person,1,,person<--->person,"#000000"
47,306,Undirected,2032,person-person,2,,person<--->person,"#000000"
25,300,Undirected,1951,person-person,1,,person<--->person,"#000000"
25,192,Undirected,1950,person-person,2,,person<--->person,"#000000"
25,191,Undirected,1949,person-person,1,,person<--->person,"#000000"
25,150,Undirected,1947,person-person,1,,person<--->person,"#000000"
78,105,Undirected,2076,person-person,1,,person<--->person,"#000000"
47,333,Undirected,2034,person-person,1,,person<--->person,"#000000"
22,330,Undirected,1946,person-person,1,,person<--->person,"#000000"
22,325,Undirected,1945,person-person,1,,person<--->person,"#000000"
22,289,Undirected,1941,person-person,1,,person<--->person,"#000000"
25,307,Undirected,1952,person-person,1,,person<--->person,"#000000"
22,185,Undirected,1940,person-person,1,,person<--->person,"#000000"
22,184,Undirected,1939,person-person,1,,person<--->person,"#000000"
22,155,Undirected,1937,person-person,1,,person<--->person,"#000000"
74,87,Undirected,2041,person-person,2,,person<--->person,"#000000"
22,97,Undirected,1933,person-person,1,,person<--->person,"#000000"
80,289,Undirected,2130,person-person,2,,person<--->person,"#000000"
33,44,Undirected,1975,person-person,2,,person<--->person,"#000000"
22,82,Undirected,1931,person-person,1,,person<--->person,"#000000"
19,58,Undirected,1929,person-person,1,,person<--->person,"#000000"
16,360,Undirected,1928,person-person,2,,person<--->person,"#000000"
16,356,Undirected,1927,person-person,1,,person<--->person,"#000000"
27,30,Undirected,1953,person-person,2,,person<--->person,"#000000"
16,355,Undirected,1926,person-person,1,,person<--->person,"#000000"
47,178,Undirected,2029,person-person,1,,person<--->person,"#000000"
76,306,Undirected,2053,person-person,1,,person<--->person,"#000000"
16,337,Undirected,1925,person-person,1,,person<--->person,"#000000"
16,330,Undirected,1924,person-person,1,,person<--->person,"#000000"
16,326,Undirected,1923,person-person,2,,person<--->person,"#000000"
16,325,Undirected,1922,person-person,1,,person<--->person,"#000000"
16,322,Undirected,1921,person-person,1,,person<--->person,"#000000"
16,191,Undirected,1916,person-person,1,,person<--->person,"#000000"
16,289,Undirected,1917,person-person,1,,person<--->person,"#000000"
16,301,Undirected,1918,person-person,1,,person<--->person,"#000000"
80,96,Undirected,2110,person-person,4,,person<--->person,"#000000"
16,188,Undirected,1914,person-person,1,,person<--->person,"#000000"
16,176,Undirected,1912,person-person,1,,person<--->person,"#000000"
16,150,Undirected,1911,person-person,1,,person<--->person,"#000000"
16,126,Undirected,1907,person-person,1,,person<--->person,"#000000"
16,128,Undirected,1908,person-person,1,,person<--->person,"#000000"
82,91,Undirected,2146,person-person,1,,person<--->person,"#000000"
33,47,Undirected,1976,person-person,1,,person<--->person,"#000000"
30,118,Undirected,1966,person-person,2,,person<--->person,"#000000"
77,118,Undirected,2057,person-person,1,,person<--->person,"#000000"
34,78,Undirected,1994,person-person,1,,person<--->person,"#000000"
78,304,Undirected,2095,person-person,1,,person<--->person,"#000000"
16,122,Undirected,1906,person-person,1,,person<--->person,"#000000"
78,306,Undirected,2096,person-person,1,,person<--->person,"#000000"
16,103,Undirected,1902,person-person,1,,person<--->person,"#000000"
16,97,Undirected,1901,person-person,1,,person<--->person,"#000000"
82,97,Undirected,2147,person-person,1,,person<--->person,"#000000"
72,355,Undirected,2037,person-person,1,,person<--->person,"#000000"
78,111,Undirected,2077,person-person,2,,person<--->person,"#000000"
78,307,Undirected,2097,person-person,2,,person<--->person,"#000000"
78,322,Undirected,2098,person-person,1,,person<--->person,"#000000"
16,80,Undirected,1896,person-person,2,,person<--->person,"#000000"
16,84,Undirected,1897,person-person,2,,person<--->person,"#000000"
78,325,Undirected,2099,person-person,1,,person<--->person,"#000000"
6,351,Undirected,1894,person-person,1,,person<--->person,"#000000"
16,78,Undirected,1895,person-person,1,,person<--->person,"#000000"
27,161,Undirected,1959,person-person,1,,person<--->person,"#000000"
6,308,Undirected,1893,person-person,1,,person<--->person,"#000000"
6,306,Undirected,1892,person-person,1,,person<--->person,"#000000"
6,178,Undirected,1890,person-person,1,,person<--->person,"#000000"
6,98,Undirected,1888,person-person,1,,person<--->person,"#000000"
78,82,Undirected,2067,person-person,1,,person<--->person,"#000000"
78,326,Undirected,2100,person-person,2,,person<--->person,"#000000"
30,132,Undirected,1967,person-person,2,,person<--->person,"#000000"
30,142,Undirected,1968,person-person,2,,person<--->person,"#000000"
30,161,Undirected,1969,person-person,2,,person<--->person,"#000000"
30,176,Undirected,1970,person-person,2,,person<--->person,"#000000"
30,309,Undirected,1971,person-person,3,,person<--->person,"#000000"
30,321,Undirected,1972,person-person,2,,person<--->person,"#000000"
30,350,Undirected,1973,person-person,2,,person<--->person,"#000000"
30,351,Undirected,1974,person-person,2,,person<--->person,"#000000"
6,80,Undirected,1886,person-person,1,,person<--->person,"#000000"
6,76,Undirected,1885,person-person,1,,person<--->person,"#000000"
6,74,Undirected,1884,person-person,1,,person<--->person,"#000000"
6,47,Undirected,1883,person-person,1,,person<--->person,"#000000"
82,103,Undirected,2148,person-person,2,,person<--->person,"#000000"
6,33,Undirected,1880,person-person,1,,person<--->person,"#000000"
5,360,Undirected,1879,person-person,2,,person<--->person,"#000000"
5,356,Undirected,1878,person-person,1,,person<--->person,"#000000"
5,326,Undirected,1874,person-person,2,,person<--->person,"#000000"
5,355,Undirected,1877,person-person,1,,person<--->person,"#000000"
5,325,Undirected,1873,person-person,2,,person<--->person,"#000000"
78,330,Undirected,2101,person-person,1,,person<--->person,"#000000"
78,119,Undirected,2078,person-person,1,,person<--->person,"#000000"
82,109,Undirected,2149,person-person,1,,person<--->person,"#000000"
5,322,Undirected,1871,person-person,1,,person<--->person,"#000000"
5,312,Undirected,1870,person-person,1,,person<--->person,"#000000"
5,304,Undirected,1868,person-person,2,,person<--->person,"#000000"
44,144,Undirected,2013,person-person,1,,person<--->person,"#000000"
5,307,Undirected,1869,person-person,2,,person<--->person,"#000000"
5,289,Undirected,1866,person-person,2,,person<--->person,"#000000"
5,191,Undirected,1865,person-person,1,,person<--->person,"#000000"
33,78,Undirected,1977,person-person,1,,person<--->person,"#000000"
5,189,Undirected,1864,person-person,1,,person<--->person,"#000000"
5,185,Undirected,1862,person-person,1,,person<--->person,"#000000"
77,309,Undirected,2062,person-person,1,,person<--->person,"#000000"
34,81,Undirected,1995,person-person,1,,person<--->person,"#000000"
5,184,Undirected,1861,person-person,2,,person<--->person,"#000000"
5,176,Undirected,1860,person-person,1,,person<--->person,"#000000"
82,143,Undirected,2150,person-person,2,,person<--->person,"#000000"
82,144,Undirected,2151,person-person,1,,person<--->person,"#000000"
5,157,Undirected,1859,person-person,1,,person<--->person,"#000000"
5,155,Undirected,1858,person-person,1,,person<--->person,"#000000"
5,150,Undirected,1857,person-person,1,,person<--->person,"#000000"
5,143,Undirected,1856,person-person,2,,person<--->person,"#000000"
82,155,Undirected,2152,person-person,1,,person<--->person,"#000000"
5,132,Undirected,1854,person-person,1,,person<--->person,"#000000"
5,128,Undirected,1853,person-person,1,,person<--->person,"#000000"
80,97,Undirected,2111,person-person,2,,person<--->person,"#000000"
5,126,Undirected,1852,person-person,1,,person<--->person,"#000000"
5,122,Undirected,1851,person-person,1,,person<--->person,"#000000"
16,304,Undirected,1919,person-person,1,,person<--->person,"#000000"
5,111,Undirected,1849,person-person,2,,person<--->person,"#000000"
5,109,Undirected,1848,person-person,1,,person<--->person,"#000000"
5,105,Undirected,1847,person-person,1,,person<--->person,"#000000"
78,333,Undirected,2102,person-person,1,,person<--->person,"#000000"
82,157,Undirected,2153,person-person,1,,person<--->person,"#000000"
5,103,Undirected,1846,person-person,3,,person<--->person,"#000000"
16,307,Undirected,1920,person-person,2,,person<--->person,"#000000"
5,96,Undirected,1844,person-person,2,,person<--->person,"#000000"
5,94,Undirected,1842,person-person,1,,person<--->person,"#000000"
80,189,Undirected,2127,person-person,2,,person<--->person,"#000000"
82,184,Undirected,2154,person-person,1,,person<--->person,"#000000"
80,103,Undirected,2112,person-person,2,,person<--->person,"#000000"
5,84,Undirected,1840,person-person,2,,person<--->person,"#000000"
5,80,Undirected,1838,person-person,2,,person<--->person,"#000000"
5,82,Undirected,1839,person-person,1,,person<--->person,"#000000"
5,22,Undirected,1836,person-person,1,,person<--->person,"#000000"
78,337,Undirected,2103,person-person,1,,person<--->person,"#000000"
82,185,Undirected,2155,person-person,1,,person<--->person,"#000000"
3,19,Undirected,1833,person-person,1,,person<--->person,"#000000"
1,360,Undirected,1832,person-person,4,,person<--->person,"#000000"
1,356,Undirected,1831,person-person,2,,person<--->person,"#000000"
5,78,Undirected,1837,person-person,1,,person<--->person,"#000000"
44,178,Undirected,2014,person-person,1,,person<--->person,"#000000"
44,276,Undirected,2015,person-person,1,,person<--->person,"#000000"
44,306,Undirected,2016,person-person,2,,person<--->person,"#000000"
44,308,Undirected,2017,person-person,1,,person<--->person,"#000000"
44,333,Undirected,2018,person-person,1,,person<--->person,"#000000"
44,351,Undirected,2019,person-person,1,,person<--->person,"#000000"
47,74,Undirected,2020,person-person,2,,person<--->person,"#000000"
47,76,Undirected,2021,person-person,1,,person<--->person,"#000000"
47,78,Undirected,2022,person-person,3,,person<--->person,"#000000"
47,81,Undirected,2023,person-person,1,,person<--->person,"#000000"
47,82,Undirected,2024,person-person,1,,person<--->person,"#000000"
1,301,Undirected,1822,person-person,2,,person<--->person,"#000000"
1,304,Undirected,1823,person-person,2,,person<--->person,"#000000"
1,307,Undirected,1824,person-person,4,,person<--->person,"#000000"
1,322,Undirected,1825,person-person,2,,person<--->person,"#000000"
1,325,Undirected,1826,person-person,2,,person<--->person,"#000000"
1,326,Undirected,1827,person-person,4,,person<--->person,"#000000"
1,330,Undirected,1828,person-person,2,,person<--->person,"#000000"
1,337,Undirected,1829,person-person,2,,person<--->person,"#000000"
1,355,Undirected,1830,person-person,2,,person<--->person,"#000000"
78,98,Undirected,2074,person-person,2,,person<--->person,"#000000"
1,289,Undirected,1821,person-person,2,,person<--->person,"#000000"
82,289,Undirected,2156,person-person,1,,person<--->person,"#000000"
77,132,Undirected,2058,person-person,1,,person<--->person,"#000000"
77,142,Undirected,2059,person-person,1,,person<--->person,"#000000"
1,191,Undirected,1820,person-person,2,,person<--->person,"#000000"
78,103,Undirected,2075,person-person,1,,person<--->person,"#000000"
1,184,Undirected,1818,person-person,2,,person<--->person,"#000000"
74,76,Undirected,2038,person-person,1,,person<--->person,"#000000"
82,304,Undirected,2157,person-person,1,,person<--->person,"#000000"
1,150,Undirected,1816,person-person,2,,person<--->person,"#000000"
1,176,Undirected,1817,person-person,2,,person<--->person,"#000000"
1,105,Undirected,1808,person-person,2,,person<--->person,"#000000"
1,128,Undirected,1813,person-person,2,,person<--->person,"#000000"
1,111,Undirected,1809,person-person,4,,person<--->person,"#000000"
1,119,Undirected,1810,person-person,2,,person<--->person,"#000000"
1,122,Undirected,1811,person-person,2,,person<--->person,"#000000"
1,126,Undirected,1812,person-person,2,,person<--->person,"#000000"
82,306,Undirected,2158,person-person,1,,person<--->person,"#000000"
3,77,Undirected,1834,person-person,1,,person<--->person,"#000000"
78,144,Undirected,2084,person-person,1,,person<--->person,"#000000"
82,312,Undirected,2159,person-person,1,,person<--->person,"#000000"
5,301,Undirected,1867,person-person,1,,person<--->person,"#000000"
22,103,Undirected,1934,person-person,2,,person<--->person,"#000000"
33,80,Undirected,1978,person-person,1,,person<--->person,"#000000"
1,132,Undirected,1814,person-person,2,,person<--->person,"#000000"
33,82,Undirected,1979,person-person,1,,person<--->person,"#000000"
1,96,Undirected,1805,person-person,4,,person<--->person,"#000000"
5,95,Undirected,1843,person-person,2,,person<--->person,"#000000"
1,80,Undirected,1801,person-person,4,,person<--->person,"#000000"
78,191,Undirected,2092,person-person,1,,person<--->person,"#000000"
78,147,Undirected,2085,person-person,2,,person<--->person,"#000000"
78,122,Undirected,2079,person-person,1,,person<--->person,"#000000"
34,306,Undirected,2001,person-person,1,,person<--->person,"#000000"
80,105,Undirected,2113,person-person,2,,person<--->person,"#000000"
77,350,Undirected,2064,person-person,1,,person<--->person,"#000000"
77,321,Undirected,2063,person-person,1,,person<--->person,"#000000"
80,191,Undirected,2128,person-person,2,,person<--->person,"#000000"
82,324,Undirected,2160,person-person,1,,person<--->person,"#000000"
78,355,Undirected,2104,person-person,1,,person<--->person,"#000000"
78,356,Undirected,2105,person-person,1,,person<--->person,"#000000"
77,176,Undirected,2061,person-person,1,,person<--->person,"#000000"
76,178,Undirected,2051,person-person,1,,person<--->person,"#000000"
74,276,Undirected,2045,person-person,1,,person<--->person,"#000000"
80,111,Undirected,2114,person-person,4,,person<--->person,"#000000"
74,306,Undirected,2046,person-person,1,,person<--->person,"#000000"
80,118,Undirected,2115,person-person,1,,person<--->person,"#000000"
47,144,Undirected,2028,person-person,1,,person<--->person,"#000000"
34,85,Undirected,1996,person-person,1,,person<--->person,"#000000"
82,325,Undirected,2161,person-person,1,,person<--->person,"#000000"
80,304,Undirected,2133,person-person,2,,person<--->person,"#000000"
82,330,Undirected,2162,person-person,1,,person<--->person,"#000000"
82,333,Undirected,2163,person-person,1,,person<--->person,"#000000"
84,94,Undirected,2164,person-person,2,,person<--->person,"#000000"
84,95,Undirected,2165,person-person,4,,person<--->person,"#000000"
78,126,Undirected,2080,person-person,1,,person<--->person,"#000000"
84,96,Undirected,2166,person-person,5,,person<--->person,"#000000"
34,72,Undirected,1991,person-person,1,,person<--->person,"#000000"
84,97,Undirected,2167,person-person,3,,person<--->person,"#000000"
33,87,Undirected,1980,person-person,1,,person<--->person,"#000000"
27,321,Undirected,1962,person-person,1,,person<--->person,"#000000"
33,144,Undirected,1981,person-person,1,,person<--->person,"#000000"
80,122,Undirected,2116,person-person,2,,person<--->person,"#000000"
84,103,Undirected,2168,person-person,2,,person<--->person,"#000000"
33,178,Undirected,1982,person-person,1,,person<--->person,"#000000"
80,298,Undirected,2131,person-person,1,,person<--->person,"#000000"
80,126,Undirected,2117,person-person,2,,person<--->person,"#000000"
80,128,Undirected,2118,person-person,2,,person<--->person,"#000000"
25,189,Undirected,1948,person-person,1,,person<--->person,"#000000"
22,324,Undirected,1944,person-person,1,,person<--->person,"#000000"
22,304,Undirected,1942,person-person,1,,person<--->person,"#000000"
78,128,Undirected,2081,person-person,1,,person<--->person,"#000000"
22,157,Undirected,1938,person-person,1,,person<--->person,"#000000"
74,308,Undirected,2047,person-person,1,,person<--->person,"#000000"
22,143,Undirected,1936,person-person,2,,person<--->person,"#000000"
22,109,Undirected,1935,person-person,1,,person<--->person,"#000000"
22,91,Undirected,1932,person-person,1,,person<--->person,"#000000"
19,77,Undirected,1930,person-person,1,,person<--->person,"#000000"
33,181,Undirected,1983,person-person,1,,person<--->person,"#000000"
78,150,Undirected,2086,person-person,1,,person<--->person,"#000000"
78,176,Undirected,2087,person-person,1,,person<--->person,"#000000"
84,105,Undirected,2169,person-person,2,,person<--->person,"#000000"
16,189,Undirected,1915,person-person,1,,person<--->person,"#000000"
16,184,Undirected,1913,person-person,1,,person<--->person,"#000000"
16,132,Undirected,1909,person-person,1,,person<--->person,"#000000"
16,139,Undirected,1910,person-person,1,,person<--->person,"#000000"
84,111,Undirected,2170,person-person,4,,person<--->person,"#000000"
84,119,Undirected,2171,person-person,2,,person<--->person,"#000000"
33,306,Undirected,1984,person-person,2,,person<--->person,"#000000"
84,122,Undirected,2172,person-person,2,,person<--->person,"#000000"
84,126,Undirected,2173,person-person,2,,person<--->person,"#000000"
16,119,Undirected,1905,person-person,1,,person<--->person,"#000000"
16,105,Undirected,1903,person-person,1,,person<--->person,"#000000"
16,96,Undirected,1900,person-person,2,,person<--->person,"#000000"
80,132,Undirected,2119,person-person,2,,person<--->person,"#000000"
16,95,Undirected,1899,person-person,2,,person<--->person,"#000000"
78,132,Undirected,2082,person-person,1,,person<--->person,"#000000"
16,94,Undirected,1898,person-person,1,,person<--->person,"#000000"
84,128,Undirected,2174,person-person,2,,person<--->person,"#000000"
78,360,Undirected,2106,person-person,2,,person<--->person,"#000000"
84,132,Undirected,2175,person-person,2,,person<--->person,"#000000"
6,101,Undirected,1889,person-person,1,,person<--->person,"#000000"
6,87,Undirected,1887,person-person,1,,person<--->person,"#000000"
34,87,Undirected,1997,person-person,2,,person<--->person,"#000000"
78,139,Undirected,2083,person-person,1,,person<--->person,"#000000"
84,139,Undirected,2176,person-person,2,,person<--->person,"#000000"
76,308,Undirected,2054,person-person,1,,person<--->person,"#000000"
80,139,Undirected,2120,person-person,2,,person<--->person,"#000000"
6,44,Undirected,1882,person-person,2,,person<--->person,"#000000"
6,34,Undirected,1881,person-person,1,,person<--->person,"#000000"
80,150,Undirected,2121,person-person,2,,person<--->person,"#000000"
78,182,Undirected,2088,person-person,1,,person<--->person,"#000000"
5,330,Undirected,1875,person-person,2,,person<--->person,"#000000"
84,150,Undirected,2177,person-person,2,,person<--->person,"#000000"
5,324,Undirected,1872,person-person,1,,person<--->person,"#000000"
80,192,Undirected,2129,person-person,2,,person<--->person,"#000000"
80,156,Undirected,2122,person-person,1,,person<--->person,"#000000"
33,333,Undirected,1985,person-person,1,,person<--->person,"#000000"
5,188,Undirected,1863,person-person,1,,person<--->person,"#000000"
84,176,Undirected,2178,person-person,3,,person<--->person,"#000000"
80,165,Undirected,2123,person-person,1,,person<--->person,"#000000"
16,111,Undirected,1904,person-person,2,,person<--->person,"#000000"
80,176,Undirected,2124,person-person,2,,person<--->person,"#000000"
5,139,Undirected,1855,person-person,1,,person<--->person,"#000000"
84,184,Undirected,2179,person-person,2,,person<--->person,"#000000"
5,119,Undirected,1850,person-person,1,,person<--->person,"#000000"
78,184,Undirected,2089,person-person,1,,person<--->person,"#000000"
80,301,Undirected,2132,person-person,2,,person<--->person,"#000000"
5,97,Undirected,1845,person-person,2,,person<--->person,"#000000"
5,91,Undirected,1841,person-person,1,,person<--->person,"#000000"
5,337,Undirected,1876,person-person,1,,person<--->person,"#000000"
5,16,Undirected,1835,person-person,1,,person<--->person,"#000000"
76,322,Undirected,2055,person-person,1,,person<--->person,"#000000"
80,184,Undirected,2125,person-person,2,,person<--->person,"#000000"
1,188,Undirected,1819,person-person,2,,person<--->person,"#000000"
84,188,Undirected,2180,person-person,2,,person<--->person,"#000000"
22,312,Undirected,1943,person-person,1,,person<--->person,"#000000"
1,139,Undirected,1815,person-person,2,,person<--->person,"#000000"
80,188,Undirected,2126,person-person,2,,person<--->person,"#000000"
6,276,Undirected,1891,person-person,1,,person<--->person,"#000000"
1,103,Undirected,1807,person-person,2,,person<--->person,"#000000"
33,337,Undirected,1986,person-person,1,,person<--->person,"#000000"
1,97,Undirected,1806,person-person,2,,person<--->person,"#000000"
1,94,Undirected,1803,person-person,2,,person<--->person,"#000000"
1,95,Undirected,1804,person-person,4,,person<--->person,"#000000"
76,101,Undirected,2050,person-person,1,,person<--->person,"#000000"
1,84,Undirected,1802,person-person,4,,person<--->person,"#000000"
1,16,Undirected,1800,person-person,2,,person<--->person,"#000000"
1,5,Undirected,1799,person-person,2,,person<--->person,"#000000"
33,351,Undirected,1987,person-person,1,,person<--->person,"#000000"
83,178,Undirected,2955,person-person,1,,person<--->person,"#000000"
79,83,Undirected,2953,person-person,1,,person<--->person,"#000000"
83,87,Undirected,2954,person-person,1,,person<--->person,"#000000"
74,80,Undirected,2950,person-person,1,,person<--->person,"#000000"
78,83,Undirected,2951,person-person,1,,person<--->person,"#000000"
78,123,Undirected,2952,person-person,2,,person<--->person,"#000000"
34,83,Undirected,2947,person-person,1,,person<--->person,"#000000"
44,83,Undirected,2948,person-person,1,,person<--->person,"#000000"
47,123,Undirected,2949,person-person,1,,person<--->person,"#000000"
1,83,Undirected,2937,person-person,1,,person<--->person,"#000000"
1,87,Undirected,2938,person-person,1,,person<--->person,"#000000"
1,118,Undirected,2939,person-person,1,,person<--->person,"#000000"
1,123,Undirected,2940,person-person,1,,person<--->person,"#000000"
1,178,Undirected,2941,person-person,1,,person<--->person,"#000000"
1,276,Undirected,2942,person-person,1,,person<--->person,"#000000"
6,83,Undirected,2943,person-person,1,,person<--->person,"#000000"
33,74,Undirected,2944,person-person,1,,person<--->person,"#000000"
33,83,Undirected,2945,person-person,1,,person<--->person,"#000000"
34,80,Undirected,2946,person-person,1,,person<--->person,"#000000"
1,27,Undirected,2931,person-person,1,,person<--->person,"#000000"
1,33,Undirected,2932,person-person,1,,person<--->person,"#000000"
1,34,Undirected,2933,person-person,1,,person<--->person,"#000000"
1,44,Undirected,2934,person-person,1,,person<--->person,"#000000"
1,72,Undirected,2935,person-person,1,,person<--->person,"#000000"
1,79,Undirected,2936,person-person,1,,person<--->person,"#000000"
84,189,Undirected,2181,person-person,2,,person<--->person,"#000000"
84,191,Undirected,2182,person-person,2,,person<--->person,"#000000"
84,289,Undirected,2183,person-person,2,,person<--->person,"#000000"
84,301,Undirected,2184,person-person,2,,person<--->person,"#000000"
84,304,Undirected,2185,person-person,2,,person<--->person,"#000000"
84,307,Undirected,2186,person-person,4,,person<--->person,"#000000"
84,310,Undirected,2187,person-person,1,,person<--->person,"#000000"
84,322,Undirected,2188,person-person,2,,person<--->person,"#000000"
84,325,Undirected,2189,person-person,2,,person<--->person,"#000000"
84,326,Undirected,2190,person-person,4,,person<--->person,"#000000"
84,330,Undirected,2191,person-person,2,,person<--->person,"#000000"
84,337,Undirected,2192,person-person,2,,person<--->person,"#000000"
84,355,Undirected,2193,person-person,2,,person<--->person,"#000000"
84,356,Undirected,2194,person-person,2,,person<--->person,"#000000"
84,360,Undirected,2195,person-person,4,,person<--->person,"#000000"
85,355,Undirected,2196,person-person,1,,person<--->person,"#000000"
87,98,Undirected,2197,person-person,2,,person<--->person,"#000000"
87,101,Undirected,2198,person-person,1,,person<--->person,"#000000"
87,133,Undirected,2199,person-person,1,,person<--->person,"#000000"
87,144,Undirected,2200,person-person,1,,person<--->person,"#000000"
87,178,Undirected,2201,person-person,1,,person<--->person,"#000000"
87,276,Undirected,2202,person-person,1,,person<--->person,"#000000"
87,306,Undirected,2203,person-person,2,,person<--->person,"#000000"
87,308,Undirected,2204,person-person,1,,person<--->person,"#000000"
87,333,Undirected,2205,person-person,1,,person<--->person,"#000000"
87,353,Undirected,2206,person-person,1,,person<--->person,"#000000"
91,97,Undirected,2207,person-person,1,,person<--->person,"#000000"
91,103,Undirected,2208,person-person,2,,person<--->person,"#000000"
91,109,Undirected,2209,person-person,1,,person<--->person,"#000000"
91,143,Undirected,2210,person-person,2,,person<--->person,"#000000"
91,155,Undirected,2211,person-person,1,,person<--->person,"#000000"
91,157,Undirected,2212,person-person,1,,person<--->person,"#000000"
91,184,Undirected,2213,person-person,1,,person<--->person,"#000000"
91,185,Undirected,2214,person-person,1,,person<--->person,"#000000"
91,289,Undirected,2215,person-person,1,,person<--->person,"#000000"
91,304,Undirected,2216,person-person,1,,person<--->person,"#000000"
91,312,Undirected,2217,person-person,1,,person<--->person,"#000000"
91,324,Undirected,2218,person-person,1,,person<--->person,"#000000"
91,325,Undirected,2219,person-person,1,,person<--->person,"#000000"
91,330,Undirected,2220,person-person,1,,person<--->person,"#000000"
94,95,Undirected,2221,person-person,2,,person<--->person,"#000000"
94,96,Undirected,2222,person-person,2,,person<--->person,"#000000"
94,97,Undirected,2223,person-person,1,,person<--->person,"#000000"
94,103,Undirected,2224,person-person,1,,person<--->person,"#000000"
94,105,Undirected,2225,person-person,1,,person<--->person,"#000000"
94,111,Undirected,2226,person-person,2,,person<--->person,"#000000"
94,119,Undirected,2227,person-person,1,,person<--->person,"#000000"
94,122,Undirected,2228,person-person,1,,person<--->person,"#000000"
94,126,Undirected,2229,person-person,1,,person<--->person,"#000000"
94,128,Undirected,2230,person-person,1,,person<--->person,"#000000"
94,132,Undirected,2231,person-person,1,,person<--->person,"#000000"
94,139,Undirected,2232,person-person,1,,person<--->person,"#000000"
94,150,Undirected,2233,person-person,1,,person<--->person,"#000000"
94,176,Undirected,2234,person-person,1,,person<--->person,"#000000"
94,184,Undirected,2235,person-person,1,,person<--->person,"#000000"
94,188,Undirected,2236,person-person,1,,person<--->person,"#000000"
94,189,Undirected,2237,person-person,1,,person<--->person,"#000000"
94,191,Undirected,2238,person-person,1,,person<--->person,"#000000"
94,289,Undirected,2239,person-person,1,,person<--->person,"#000000"
94,301,Undirected,2240,person-person,1,,person<--->person,"#000000"
94,303,Undirected,2241,person-person,1,,person<--->person,"#000000"
94,304,Undirected,2242,person-person,1,,person<--->person,"#000000"
94,307,Undirected,2243,person-person,2,,person<--->person,"#000000"
94,322,Undirected,2244,person-person,1,,person<--->person,"#000000"
94,324,Undirected,2245,person-person,1,,person<--->person,"#000000"
94,325,Undirected,2246,person-person,1,,person<--->person,"#000000"
94,326,Undirected,2247,person-person,2,,person<--->person,"#000000"
94,330,Undirected,2248,person-person,1,,person<--->person,"#000000"
94,337,Undirected,2249,person-person,1,,person<--->person,"#000000"
94,355,Undirected,2250,person-person,1,,person<--->person,"#000000"
94,356,Undirected,2251,person-person,1,,person<--->person,"#000000"
94,360,Undirected,2252,person-person,2,,person<--->person,"#000000"
95,96,Undirected,2253,person-person,4,,person<--->person,"#000000"
95,97,Undirected,2254,person-person,2,,person<--->person,"#000000"
95,103,Undirected,2255,person-person,2,,person<--->person,"#000000"
95,105,Undirected,2256,person-person,2,,person<--->person,"#000000"
95,111,Undirected,2257,person-person,4,,person<--->person,"#000000"
95,119,Undirected,2258,person-person,2,,person<--->person,"#000000"
95,122,Undirected,2259,person-person,2,,person<--->person,"#000000"
95,126,Undirected,2260,person-person,2,,person<--->person,"#000000"
95,128,Undirected,2261,person-person,2,,person<--->person,"#000000"
95,132,Undirected,2262,person-person,2,,person<--->person,"#000000"
95,139,Undirected,2263,person-person,2,,person<--->person,"#000000"
95,150,Undirected,2264,person-person,2,,person<--->person,"#000000"
95,176,Undirected,2265,person-person,2,,person<--->person,"#000000"
95,184,Undirected,2266,person-person,2,,person<--->person,"#000000"
95,188,Undirected,2267,person-person,2,,person<--->person,"#000000"
95,189,Undirected,2268,person-person,2,,person<--->person,"#000000"
95,191,Undirected,2269,person-person,2,,person<--->person,"#000000"
95,289,Undirected,2270,person-person,2,,person<--->person,"#000000"
95,301,Undirected,2271,person-person,2,,person<--->person,"#000000"
95,304,Undirected,2272,person-person,2,,person<--->person,"#000000"
95,307,Undirected,2273,person-person,4,,person<--->person,"#000000"
95,322,Undirected,2274,person-person,2,,person<--->person,"#000000"
95,325,Undirected,2275,person-person,2,,person<--->person,"#000000"
95,326,Undirected,2276,person-person,4,,person<--->person,"#000000"
95,330,Undirected,2277,person-person,2,,person<--->person,"#000000"
95,337,Undirected,2278,person-person,2,,person<--->person,"#000000"
95,355,Undirected,2279,person-person,2,,person<--->person,"#000000"
95,356,Undirected,2280,person-person,2,,person<--->person,"#000000"
95,360,Undirected,2281,person-person,4,,person<--->person,"#000000"
96,97,Undirected,2282,person-person,3,,person<--->person,"#000000"
96,103,Undirected,2283,person-person,2,,person<--->person,"#000000"
96,105,Undirected,2284,person-person,2,,person<--->person,"#000000"
96,111,Undirected,2285,person-person,4,,person<--->person,"#000000"
96,118,Undirected,2286,person-person,1,,person<--->person,"#000000"
96,119,Undirected,2287,person-person,2,,person<--->person,"#000000"
96,122,Undirected,2288,person-person,2,,person<--->person,"#000000"
96,126,Undirected,2289,person-person,2,,person<--->person,"#000000"
96,128,Undirected,2290,person-person,2,,person<--->person,"#000000"
96,132,Undirected,2291,person-person,3,,person<--->person,"#000000"
96,139,Undirected,2292,person-person,2,,person<--->person,"#000000"
96,142,Undirected,2293,person-person,1,,person<--->person,"#000000"
96,150,Undirected,2294,person-person,2,,person<--->person,"#000000"
96,161,Undirected,2295,person-person,1,,person<--->person,"#000000"
96,176,Undirected,2296,person-person,4,,person<--->person,"#000000"
96,184,Undirected,2297,person-person,2,,person<--->person,"#000000"
96,188,Undirected,2298,person-person,2,,person<--->person,"#000000"
96,189,Undirected,2299,person-person,2,,person<--->person,"#000000"
96,191,Undirected,2300,person-person,2,,person<--->person,"#000000"
96,289,Undirected,2301,person-person,2,,person<--->person,"#000000"
96,301,Undirected,2302,person-person,2,,person<--->person,"#000000"
96,304,Undirected,2303,person-person,2,,person<--->person,"#000000"
96,307,Undirected,2304,person-person,4,,person<--->person,"#000000"
96,309,Undirected,2305,person-person,1,,person<--->person,"#000000"
96,321,Undirected,2306,person-person,1,,person<--->person,"#000000"
96,322,Undirected,2307,person-person,2,,person<--->person,"#000000"
96,325,Undirected,2308,person-person,2,,person<--->person,"#000000"
96,326,Undirected,2309,person-person,4,,person<--->person,"#000000"
96,330,Undirected,2310,person-person,2,,person<--->person,"#000000"
96,337,Undirected,2311,person-person,2,,person<--->person,"#000000"
96,350,Undirected,2312,person-person,1,,person<--->person,"#000000"
96,355,Undirected,2313,person-person,2,,person<--->person,"#000000"
96,356,Undirected,2314,person-person,2,,person<--->person,"#000000"
96,360,Undirected,2315,person-person,4,,person<--->person,"#000000"
97,103,Undirected,2316,person-person,3,,person<--->person,"#000000"
97,105,Undirected,2317,person-person,1,,person<--->person,"#000000"
97,109,Undirected,2318,person-person,1,,person<--->person,"#000000"
97,111,Undirected,2319,person-person,2,,person<--->person,"#000000"
97,119,Undirected,2320,person-person,1,,person<--->person,"#000000"
97,122,Undirected,2321,person-person,1,,person<--->person,"#000000"
97,126,Undirected,2322,person-person,1,,person<--->person,"#000000"
97,128,Undirected,2323,person-person,1,,person<--->person,"#000000"
97,132,Undirected,2324,person-person,1,,person<--->person,"#000000"
97,139,Undirected,2325,person-person,1,,person<--->person,"#000000"
97,143,Undirected,2326,person-person,2,,person<--->person,"#000000"
97,150,Undirected,2327,person-person,1,,person<--->person,"#000000"
97,155,Undirected,2328,person-person,1,,person<--->person,"#000000"
97,157,Undirected,2329,person-person,1,,person<--->person,"#000000"
97,176,Undirected,2330,person-person,2,,person<--->person,"#000000"
97,184,Undirected,2331,person-person,2,,person<--->person,"#000000"
97,185,Undirected,2332,person-person,1,,person<--->person,"#000000"
97,188,Undirected,2333,person-person,1,,person<--->person,"#000000"
97,189,Undirected,2334,person-person,1,,person<--->person,"#000000"
97,191,Undirected,2335,person-person,1,,person<--->person,"#000000"
97,289,Undirected,2336,person-person,2,,person<--->person,"#000000"
97,301,Undirected,2337,person-person,1,,person<--->person,"#000000"
97,304,Undirected,2338,person-person,2,,person<--->person,"#000000"
97,307,Undirected,2339,person-person,2,,person<--->person,"#000000"
97,312,Undirected,2340,person-person,1,,person<--->person,"#000000"
97,322,Undirected,2341,person-person,1,,person<--->person,"#000000"
97,324,Undirected,2342,person-person,1,,person<--->person,"#000000"
97,325,Undirected,2343,person-person,2,,person<--->person,"#000000"
97,326,Undirected,2344,person-person,2,,person<--->person,"#000000"
97,330,Undirected,2345,person-person,2,,person<--->person,"#000000"
97,337,Undirected,2346,person-person,1,,person<--->person,"#000000"
97,355,Undirected,2347,person-person,1,,person<--->person,"#000000"
97,356,Undirected,2348,person-person,1,,person<--->person,"#000000"
97,360,Undirected,2349,person-person,2,,person<--->person,"#000000"
98,101,Undirected,2350,person-person,1,,person<--->person,"#000000"
98,133,Undirected,2351,person-person,1,,person<--->person,"#000000"
98,147,Undirected,2352,person-person,1,,person<--->person,"#000000"
98,178,Undirected,2353,person-person,1,,person<--->person,"#000000"
98,276,Undirected,2354,person-person,1,,person<--->person,"#000000"
98,306,Undirected,2355,person-person,1,,person<--->person,"#000000"
98,308,Undirected,2356,person-person,2,,person<--->person,"#000000"
99,157,Undirected,2357,person-person,2,,person<--->person,"#000000"
101,178,Undirected,2358,person-person,1,,person<--->person,"#000000"
101,276,Undirected,2359,person-person,1,,person<--->person,"#000000"
101,306,Undirected,2360,person-person,1,,person<--->person,"#000000"
101,308,Undirected,2361,person-person,1,,person<--->person,"#000000"
103,105,Undirected,2362,person-person,1,,person<--->person,"#000000"
103,109,Undirected,2363,person-person,2,,person<--->person,"#000000"
103,111,Undirected,2364,person-person,2,,person<--->person,"#000000"
103,119,Undirected,2365,person-person,1,,person<--->person,"#000000"
103,122,Undirected,2366,person-person,1,,person<--->person,"#000000"
103,126,Undirected,2367,person-person,1,,person<--->person,"#000000"
103,128,Undirected,2368,person-person,1,,person<--->person,"#000000"
103,132,Undirected,2369,person-person,1,,person<--->person,"#000000"
103,139,Undirected,2370,person-person,1,,person<--->person,"#000000"
103,143,Undirected,2371,person-person,4,,person<--->person,"#000000"
103,150,Undirected,2372,person-person,1,,person<--->person,"#000000"
103,155,Undirected,2373,person-person,2,,person<--->person,"#000000"
103,157,Undirected,2374,person-person,2,,person<--->person,"#000000"
103,176,Undirected,2375,person-person,1,,person<--->person,"#000000"
103,184,Undirected,2376,person-person,3,,person<--->person,"#000000"
103,185,Undirected,2377,person-person,2,,person<--->person,"#000000"
103,188,Undirected,2378,person-person,1,,person<--->person,"#000000"
103,189,Undirected,2379,person-person,1,,person<--->person,"#000000"
103,191,Undirected,2380,person-person,1,,person<--->person,"#000000"
103,289,Undirected,2381,person-person,3,,person<--->person,"#000000"
103,301,Undirected,2382,person-person,1,,person<--->person,"#000000"
103,304,Undirected,2383,person-person,3,,person<--->person,"#000000"
103,307,Undirected,2384,person-person,2,,person<--->person,"#000000"
103,312,Undirected,2385,person-person,2,,person<--->person,"#000000"
103,322,Undirected,2386,person-person,1,,person<--->person,"#000000"
103,324,Undirected,2387,person-person,2,,person<--->person,"#000000"
103,325,Undirected,2388,person-person,3,,person<--->person,"#000000"
103,326,Undirected,2389,person-person,2,,person<--->person,"#000000"
103,330,Undirected,2390,person-person,3,,person<--->person,"#000000"
103,337,Undirected,2391,person-person,1,,person<--->person,"#000000"
103,355,Undirected,2392,person-person,1,,person<--->person,"#000000"
103,356,Undirected,2393,person-person,1,,person<--->person,"#000000"
103,360,Undirected,2394,person-person,2,,person<--->person,"#000000"
105,111,Undirected,2395,person-person,2,,person<--->person,"#000000"
105,119,Undirected,2396,person-person,1,,person<--->person,"#000000"
105,122,Undirected,2397,person-person,1,,person<--->person,"#000000"
105,126,Undirected,2398,person-person,1,,person<--->person,"#000000"
105,128,Undirected,2399,person-person,1,,person<--->person,"#000000"
105,132,Undirected,2400,person-person,1,,person<--->person,"#000000"
105,139,Undirected,2401,person-person,1,,person<--->person,"#000000"
105,150,Undirected,2402,person-person,1,,person<--->person,"#000000"
105,176,Undirected,2403,person-person,1,,person<--->person,"#000000"
105,184,Undirected,2404,person-person,1,,person<--->person,"#000000"
105,188,Undirected,2405,person-person,1,,person<--->person,"#000000"
105,189,Undirected,2406,person-person,1,,person<--->person,"#000000"
105,191,Undirected,2407,person-person,1,,person<--->person,"#000000"
105,289,Undirected,2408,person-person,1,,person<--->person,"#000000"
105,301,Undirected,2409,person-person,1,,person<--->person,"#000000"
105,304,Undirected,2410,person-person,1,,person<--->person,"#000000"
105,307,Undirected,2411,person-person,2,,person<--->person,"#000000"
105,322,Undirected,2412,person-person,1,,person<--->person,"#000000"
105,325,Undirected,2413,person-person,1,,person<--->person,"#000000"
105,326,Undirected,2414,person-person,2,,person<--->person,"#000000"
105,330,Undirected,2415,person-person,1,,person<--->person,"#000000"
105,337,Undirected,2416,person-person,1,,person<--->person,"#000000"
105,355,Undirected,2417,person-person,1,,person<--->person,"#000000"
105,356,Undirected,2418,person-person,1,,person<--->person,"#000000"
105,360,Undirected,2419,person-person,2,,person<--->person,"#000000"
109,143,Undirected,2420,person-person,2,,person<--->person,"#000000"
109,155,Undirected,2421,person-person,1,,person<--->person,"#000000"
109,157,Undirected,2422,person-person,1,,person<--->person,"#000000"
109,184,Undirected,2423,person-person,1,,person<--->person,"#000000"
109,185,Undirected,2424,person-person,1,,person<--->person,"#000000"
109,289,Undirected,2425,person-person,1,,person<--->person,"#000000"
109,304,Undirected,2426,person-person,1,,person<--->person,"#000000"
109,312,Undirected,2427,person-person,1,,person<--->person,"#000000"
109,324,Undirected,2428,person-person,1,,person<--->person,"#000000"
109,325,Undirected,2429,person-person,1,,person<--->person,"#000000"
109,330,Undirected,2430,person-person,1,,person<--->person,"#000000"
111,119,Undirected,2431,person-person,2,,person<--->person,"#000000"
111,122,Undirected,2432,person-person,2,,person<--->person,"#000000"
111,126,Undirected,2433,person-person,2,,person<--->person,"#000000"
111,128,Undirected,2434,person-person,2,,person<--->person,"#000000"
111,132,Undirected,2435,person-person,2,,person<--->person,"#000000"
111,139,Undirected,2436,person-person,2,,person<--->person,"#000000"
111,150,Undirected,2437,person-person,2,,person<--->person,"#000000"
111,176,Undirected,2438,person-person,2,,person<--->person,"#000000"
111,184,Undirected,2439,person-person,2,,person<--->person,"#000000"
111,188,Undirected,2440,person-person,2,,person<--->person,"#000000"
111,189,Undirected,2441,person-person,2,,person<--->person,"#000000"
111,191,Undirected,2442,person-person,2,,person<--->person,"#000000"
111,289,Undirected,2443,person-person,2,,person<--->person,"#000000"
111,301,Undirected,2444,person-person,2,,person<--->person,"#000000"
111,304,Undirected,2445,person-person,2,,person<--->person,"#000000"
111,307,Undirected,2446,person-person,4,,person<--->person,"#000000"
111,322,Undirected,2447,person-person,2,,person<--->person,"#000000"
111,325,Undirected,2448,person-person,2,,person<--->person,"#000000"
111,326,Undirected,2449,person-person,4,,person<--->person,"#000000"
111,330,Undirected,2450,person-person,2,,person<--->person,"#000000"
111,337,Undirected,2451,person-person,2,,person<--->person,"#000000"
111,355,Undirected,2452,person-person,2,,person<--->person,"#000000"
111,356,Undirected,2453,person-person,2,,person<--->person,"#000000"
111,360,Undirected,2454,person-person,4,,person<--->person,"#000000"
118,132,Undirected,2455,person-person,1,,person<--->person,"#000000"
118,142,Undirected,2456,person-person,1,,person<--->person,"#000000"
118,156,Undirected,2457,person-person,1,,person<--->person,"#000000"
118,161,Undirected,2458,person-person,1,,person<--->person,"#000000"
118,165,Undirected,2459,person-person,1,,person<--->person,"#000000"
118,176,Undirected,2460,person-person,2,,person<--->person,"#000000"
118,192,Undirected,2461,person-person,2,,person<--->person,"#000000"
118,298,Undirected,2462,person-person,1,,person<--->person,"#000000"
118,307,Undirected,2463,person-person,1,,person<--->person,"#000000"
118,309,Undirected,2464,person-person,1,,person<--->person,"#000000"
118,321,Undirected,2465,person-person,1,,person<--->person,"#000000"
118,350,Undirected,2466,person-person,1,,person<--->person,"#000000"
119,122,Undirected,2467,person-person,1,,person<--->person,"#000000"
119,126,Undirected,2468,person-person,1,,person<--->person,"#000000"
119,128,Undirected,2469,person-person,1,,person<--->person,"#000000"
119,132,Undirected,2470,person-person,1,,person<--->person,"#000000"
119,139,Undirected,2471,person-person,1,,person<--->person,"#000000"
119,150,Undirected,2472,person-person,1,,person<--->person,"#000000"
119,176,Undirected,2473,person-person,1,,person<--->person,"#000000"
119,184,Undirected,2474,person-person,1,,person<--->person,"#000000"
119,188,Undirected,2475,person-person,1,,person<--->person,"#000000"
119,189,Undirected,2476,person-person,1,,person<--->person,"#000000"
119,191,Undirected,2477,person-person,1,,person<--->person,"#000000"
119,289,Undirected,2478,person-person,1,,person<--->person,"#000000"
119,301,Undirected,2479,person-person,1,,person<--->person,"#000000"
119,304,Undirected,2480,person-person,1,,person<--->person,"#000000"
119,307,Undirected,2481,person-person,2,,person<--->person,"#000000"
119,322,Undirected,2482,person-person,1,,person<--->person,"#000000"
119,325,Undirected,2483,person-person,1,,person<--->person,"#000000"
119,326,Undirected,2484,person-person,2,,person<--->person,"#000000"
119,330,Undirected,2485,person-person,1,,person<--->person,"#000000"
119,337,Undirected,2486,person-person,1,,person<--->person,"#000000"
119,355,Undirected,2487,person-person,1,,person<--->person,"#000000"
119,356,Undirected,2488,person-person,1,,person<--->person,"#000000"
119,360,Undirected,2489,person-person,2,,person<--->person,"#000000"
122,126,Undirected,2490,person-person,1,,person<--->person,"#000000"
122,128,Undirected,2491,person-person,1,,person<--->person,"#000000"
122,132,Undirected,2492,person-person,1,,person<--->person,"#000000"
122,139,Undirected,2493,person-person,1,,person<--->person,"#000000"
122,150,Undirected,2494,person-person,1,,person<--->person,"#000000"
122,176,Undirected,2495,person-person,1,,person<--->person,"#000000"
122,184,Undirected,2496,person-person,1,,person<--->person,"#000000"
122,188,Undirected,2497,person-person,1,,person<--->person,"#000000"
122,189,Undirected,2498,person-person,1,,person<--->person,"#000000"
122,191,Undirected,2499,person-person,1,,person<--->person,"#000000"
122,289,Undirected,2500,person-person,1,,person<--->person,"#000000"
122,301,Undirected,2501,person-person,1,,person<--->person,"#000000"
122,304,Undirected,2502,person-person,1,,person<--->person,"#000000"
122,307,Undirected,2503,person-person,2,,person<--->person,"#000000"
122,322,Undirected,2504,person-person,1,,person<--->person,"#000000"
122,325,Undirected,2505,person-person,1,,person<--->person,"#000000"
122,326,Undirected,2506,person-person,2,,person<--->person,"#000000"
122,330,Undirected,2507,person-person,1,,person<--->person,"#000000"
122,337,Undirected,2508,person-person,1,,person<--->person,"#000000"
122,355,Undirected,2509,person-person,1,,person<--->person,"#000000"
122,356,Undirected,2510,person-person,1,,person<--->person,"#000000"
122,360,Undirected,2511,person-person,2,,person<--->person,"#000000"
126,128,Undirected,2512,person-person,1,,person<--->person,"#000000"
126,132,Undirected,2513,person-person,1,,person<--->person,"#000000"
126,139,Undirected,2514,person-person,1,,person<--->person,"#000000"
126,150,Undirected,2515,person-person,1,,person<--->person,"#000000"
126,176,Undirected,2516,person-person,1,,person<--->person,"#000000"
126,184,Undirected,2517,person-person,1,,person<--->person,"#000000"
126,188,Undirected,2518,person-person,1,,person<--->person,"#000000"
126,189,Undirected,2519,person-person,1,,person<--->person,"#000000"
126,191,Undirected,2520,person-person,1,,person<--->person,"#000000"
126,289,Undirected,2521,person-person,1,,person<--->person,"#000000"
126,301,Undirected,2522,person-person,1,,person<--->person,"#000000"
126,304,Undirected,2523,person-person,1,,person<--->person,"#000000"
126,307,Undirected,2524,person-person,2,,person<--->person,"#000000"
126,322,Undirected,2525,person-person,1,,person<--->person,"#000000"
126,325,Undirected,2526,person-person,1,,person<--->person,"#000000"
126,326,Undirected,2527,person-person,2,,person<--->person,"#000000"
126,330,Undirected,2528,person-person,1,,person<--->person,"#000000"
126,337,Undirected,2529,person-person,1,,person<--->person,"#000000"
126,355,Undirected,2530,person-person,1,,person<--->person,"#000000"
126,356,Undirected,2531,person-person,1,,person<--->person,"#000000"
126,360,Undirected,2532,person-person,2,,person<--->person,"#000000"
127,145,Undirected,2533,person-person,1,,person<--->person,"#000000"
127,297,Undirected,2534,person-person,1,,person<--->person,"#000000"
128,132,Undirected,2535,person-person,1,,person<--->person,"#000000"
128,139,Undirected,2536,person-person,1,,person<--->person,"#000000"
128,150,Undirected,2537,person-person,1,,person<--->person,"#000000"
128,176,Undirected,2538,person-person,1,,person<--->person,"#000000"
128,184,Undirected,2539,person-person,1,,person<--->person,"#000000"
128,188,Undirected,2540,person-person,1,,person<--->person,"#000000"
128,189,Undirected,2541,person-person,1,,person<--->person,"#000000"
128,191,Undirected,2542,person-person,1,,person<--->person,"#000000"
128,289,Undirected,2543,person-person,1,,person<--->person,"#000000"
128,301,Undirected,2544,person-person,1,,person<--->person,"#000000"
128,304,Undirected,2545,person-person,1,,person<--->person,"#000000"
128,307,Undirected,2546,person-person,2,,person<--->person,"#000000"
128,322,Undirected,2547,person-person,1,,person<--->person,"#000000"
128,325,Undirected,2548,person-person,1,,person<--->person,"#000000"
128,326,Undirected,2549,person-person,2,,person<--->person,"#000000"
128,330,Undirected,2550,person-person,1,,person<--->person,"#000000"
128,337,Undirected,2551,person-person,1,,person<--->person,"#000000"
128,355,Undirected,2552,person-person,1,,person<--->person,"#000000"
128,356,Undirected,2553,person-person,2,,person<--->person,"#000000"
128,360,Undirected,2554,person-person,2,,person<--->person,"#000000"
132,139,Undirected,2555,person-person,1,,person<--->person,"#000000"
132,142,Undirected,2556,person-person,1,,person<--->person,"#000000"
132,150,Undirected,2557,person-person,1,,person<--->person,"#000000"
132,161,Undirected,2558,person-person,1,,person<--->person,"#000000"
132,176,Undirected,2559,person-person,2,,person<--->person,"#000000"
132,184,Undirected,2560,person-person,1,,person<--->person,"#000000"
132,188,Undirected,2561,person-person,1,,person<--->person,"#000000"
132,189,Undirected,2562,person-person,1,,person<--->person,"#000000"
132,191,Undirected,2563,person-person,1,,person<--->person,"#000000"
132,289,Undirected,2564,person-person,1,,person<--->person,"#000000"
132,301,Undirected,2565,person-person,1,,person<--->person,"#000000"
132,304,Undirected,2566,person-person,1,,person<--->person,"#000000"
132,307,Undirected,2567,person-person,2,,person<--->person,"#000000"
132,309,Undirected,2568,person-person,1,,person<--->person,"#000000"
132,321,Undirected,2569,person-person,1,,person<--->person,"#000000"
132,322,Undirected,2570,person-person,1,,person<--->person,"#000000"
132,325,Undirected,2571,person-person,1,,person<--->person,"#000000"
132,326,Undirected,2572,person-person,2,,person<--->person,"#000000"
132,330,Undirected,2573,person-person,1,,person<--->person,"#000000"
132,337,Undirected,2574,person-person,1,,person<--->person,"#000000"
132,350,Undirected,2575,person-person,1,,person<--->person,"#000000"
132,355,Undirected,2576,person-person,1,,person<--->person,"#000000"
132,356,Undirected,2577,person-person,1,,person<--->person,"#000000"
132,360,Undirected,2578,person-person,2,,person<--->person,"#000000"
133,353,Undirected,2579,person-person,1,,person<--->person,"#000000"
139,150,Undirected,2580,person-person,1,,person<--->person,"#000000"
139,176,Undirected,2581,person-person,1,,person<--->person,"#000000"
139,184,Undirected,2582,person-person,1,,person<--->person,"#000000"
139,188,Undirected,2583,person-person,1,,person<--->person,"#000000"
139,189,Undirected,2584,person-person,1,,person<--->person,"#000000"
139,191,Undirected,2585,person-person,1,,person<--->person,"#000000"
139,289,Undirected,2586,person-person,1,,person<--->person,"#000000"
139,301,Undirected,2587,person-person,1,,person<--->person,"#000000"
139,304,Undirected,2588,person-person,1,,person<--->person,"#000000"
139,307,Undirected,2589,person-person,2,,person<--->person,"#000000"
139,322,Undirected,2590,person-person,1,,person<--->person,"#000000"
139,325,Undirected,2591,person-person,1,,person<--->person,"#000000"
139,326,Undirected,2592,person-person,2,,person<--->person,"#000000"
139,330,Undirected,2593,person-person,1,,person<--->person,"#000000"
139,337,Undirected,2594,person-person,1,,person<--->person,"#000000"
139,355,Undirected,2595,person-person,1,,person<--->person,"#000000"
139,356,Undirected,2596,person-person,1,,person<--->person,"#000000"
139,360,Undirected,2597,person-person,2,,person<--->person,"#000000"
141,190,Undirected,2598,person-person,2,,person<--->person,"#000000"
141,298,Undirected,2599,person-person,2,,person<--->person,"#000000"
141,303,Undirected,2600,person-person,6,,person<--->person,"#000000"
141,313,Undirected,2601,person-person,8,,person<--->person,"#000000"
142,161,Undirected,2602,person-person,1,,person<--->person,"#000000"
142,176,Undirected,2603,person-person,1,,person<--->person,"#000000"
142,309,Undirected,2604,person-person,1,,person<--->person,"#000000"
142,321,Undirected,2605,person-person,1,,person<--->person,"#000000"
142,350,Undirected,2606,person-person,1,,person<--->person,"#000000"
143,155,Undirected,2607,person-person,2,,person<--->person,"#000000"
143,157,Undirected,2608,person-person,2,,person<--->person,"#000000"
143,184,Undirected,2609,person-person,2,,person<--->person,"#000000"
143,185,Undirected,2610,person-person,2,,person<--->person,"#000000"
143,289,Undirected,2611,person-person,2,,person<--->person,"#000000"
143,304,Undirected,2612,person-person,2,,person<--->person,"#000000"
143,312,Undirected,2613,person-person,2,,person<--->person,"#000000"
143,324,Undirected,2614,person-person,2,,person<--->person,"#000000"
143,325,Undirected,2615,person-person,2,,person<--->person,"#000000"
143,330,Undirected,2616,person-person,2,,person<--->person,"#000000"
144,306,Undirected,2617,person-person,1,,person<--->person,"#000000"
144,333,Undirected,2618,person-person,1,,person<--->person,"#000000"
145,297,Undirected,2619,person-person,1,,person<--->person,"#000000"
150,176,Undirected,2620,person-person,1,,person<--->person,"#000000"
150,184,Undirected,2621,person-person,1,,person<--->person,"#000000"
150,188,Undirected,2622,person-person,1,,person<--->person,"#000000"
150,189,Undirected,2623,person-person,2,,person<--->person,"#000000"
150,191,Undirected,2624,person-person,2,,person<--->person,"#000000"
150,192,Undirected,2625,person-person,2,,person<--->person,"#000000"
150,289,Undirected,2626,person-person,1,,person<--->person,"#000000"
150,300,Undirected,2627,person-person,1,,person<--->person,"#000000"
150,301,Undirected,2628,person-person,1,,person<--->person,"#000000"
150,304,Undirected,2629,person-person,1,,person<--->person,"#000000"
150,307,Undirected,2630,person-person,3,,person<--->person,"#000000"
150,322,Undirected,2631,person-person,1,,person<--->person,"#000000"
150,325,Undirected,2632,person-person,1,,person<--->person,"#000000"
150,326,Undirected,2633,person-person,2,,person<--->person,"#000000"
150,330,Undirected,2634,person-person,1,,person<--->person,"#000000"
150,337,Undirected,2635,person-person,1,,person<--->person,"#000000"
150,355,Undirected,2636,person-person,1,,person<--->person,"#000000"
150,356,Undirected,2637,person-person,1,,person<--->person,"#000000"
150,360,Undirected,2638,person-person,2,,person<--->person,"#000000"
151,352,Undirected,2639,person-person,1,,person<--->person,"#000000"
153,157,Undirected,2640,person-person,1,,person<--->person,"#000000"
153,167,Undirected,2641,person-person,1,,person<--->person,"#000000"
155,157,Undirected,2642,person-person,1,,person<--->person,"#000000"
155,184,Undirected,2643,person-person,1,,person<--->person,"#000000"
155,185,Undirected,2644,person-person,1,,person<--->person,"#000000"
155,289,Undirected,2645,person-person,1,,person<--->person,"#000000"
155,304,Undirected,2646,person-person,1,,person<--->person,"#000000"
155,312,Undirected,2647,person-person,1,,person<--->person,"#000000"
155,324,Undirected,2648,person-person,1,,person<--->person,"#000000"
155,325,Undirected,2649,person-person,1,,person<--->person,"#000000"
155,330,Undirected,2650,person-person,1,,person<--->person,"#000000"
156,165,Undirected,2651,person-person,1,,person<--->person,"#000000"
156,192,Undirected,2652,person-person,2,,person<--->person,"#000000"
156,298,Undirected,2653,person-person,1,,person<--->person,"#000000"
156,307,Undirected,2654,person-person,1,,person<--->person,"#000000"
157,167,Undirected,2655,person-person,1,,person<--->person,"#000000"
157,184,Undirected,2656,person-person,1,,person<--->person,"#000000"
157,185,Undirected,2657,person-person,1,,person<--->person,"#000000"
157,289,Undirected,2658,person-person,1,,person<--->person,"#000000"
157,304,Undirected,2659,person-person,1,,person<--->person,"#000000"
157,312,Undirected,2660,person-person,1,,person<--->person,"#000000"
157,324,Undirected,2661,person-person,1,,person<--->person,"#000000"
157,325,Undirected,2662,person-person,1,,person<--->person,"#000000"
157,330,Undirected,2663,person-person,1,,person<--->person,"#000000"
161,176,Undirected,2664,person-person,1,,person<--->person,"#000000"
161,309,Undirected,2665,person-person,1,,person<--->person,"#000000"
161,321,Undirected,2666,person-person,1,,person<--->person,"#000000"
161,350,Undirected,2667,person-person,1,,person<--->person,"#000000"
165,192,Undirected,2668,person-person,2,,person<--->person,"#000000"
165,298,Undirected,2669,person-person,1,,person<--->person,"#000000"
165,307,Undirected,2670,person-person,1,,person<--->person,"#000000"
176,184,Undirected,2671,person-person,1,,person<--->person,"#000000"
176,188,Undirected,2672,person-person,1,,person<--->person,"#000000"
176,189,Undirected,2673,person-person,1,,person<--->person,"#000000"
176,191,Undirected,2674,person-person,1,,person<--->person,"#000000"
176,289,Undirected,2675,person-person,1,,person<--->person,"#000000"
176,301,Undirected,2676,person-person,1,,person<--->person,"#000000"
176,304,Undirected,2677,person-person,1,,person<--->person,"#000000"
176,307,Undirected,2678,person-person,2,,person<--->person,"#000000"
176,309,Undirected,2679,person-person,1,,person<--->person,"#000000"
176,321,Undirected,2680,person-person,1,,person<--->person,"#000000"
176,322,Undirected,2681,person-person,1,,person<--->person,"#000000"
176,325,Undirected,2682,person-person,1,,person<--->person,"#000000"
176,326,Undirected,2683,person-person,2,,person<--->person,"#000000"
176,330,Undirected,2684,person-person,1,,person<--->person,"#000000"
176,337,Undirected,2685,person-person,1,,person<--->person,"#000000"
176,350,Undirected,2686,person-person,1,,person<--->person,"#000000"
176,355,Undirected,2687,person-person,1,,person<--->person,"#000000"
176,356,Undirected,2688,person-person,1,,person<--->person,"#000000"
176,360,Undirected,2689,person-person,2,,person<--->person,"#000000"
178,181,Undirected,2690,person-person,1,,person<--->person,"#000000"
178,276,Undirected,2691,person-person,1,,person<--->person,"#000000"
178,306,Undirected,2692,person-person,2,,person<--->person,"#000000"
178,308,Undirected,2693,person-person,1,,person<--->person,"#000000"
178,337,Undirected,2694,person-person,1,,person<--->person,"#000000"
178,356,Undirected,2695,person-person,1,,person<--->person,"#000000"
180,326,Undirected,2696,person-person,1,,person<--->person,"#000000"
181,276,Undirected,2697,person-person,3,,person<--->person,"#000000"
181,306,Undirected,2698,person-person,1,,person<--->person,"#000000"
181,332,Undirected,2699,person-person,3,,person<--->person,"#000000"
181,337,Undirected,2700,person-person,1,,person<--->person,"#000000"
181,356,Undirected,2701,person-person,1,,person<--->person,"#000000"
184,185,Undirected,2702,person-person,1,,person<--->person,"#000000"
184,188,Undirected,2703,person-person,1,,person<--->person,"#000000"
184,189,Undirected,2704,person-person,1,,person<--->person,"#000000"
184,191,Undirected,2705,person-person,1,,person<--->person,"#000000"
184,289,Undirected,2706,person-person,2,,person<--->person,"#000000"
184,301,Undirected,2707,person-person,1,,person<--->person,"#000000"
184,304,Undirected,2708,person-person,2,,person<--->person,"#000000"
184,307,Undirected,2709,person-person,2,,person<--->person,"#000000"
184,312,Undirected,2710,person-person,1,,person<--->person,"#000000"
184,322,Undirected,2711,person-person,1,,person<--->person,"#000000"
184,324,Undirected,2712,person-person,1,,person<--->person,"#000000"
184,325,Undirected,2713,person-person,2,,person<--->person,"#000000"
184,326,Undirected,2714,person-person,2,,person<--->person,"#000000"
184,330,Undirected,2715,person-person,2,,person<--->person,"#000000"
184,337,Undirected,2716,person-person,1,,person<--->person,"#000000"
184,355,Undirected,2717,person-person,1,,person<--->person,"#000000"
184,356,Undirected,2718,person-person,1,,person<--->person,"#000000"
184,360,Undirected,2719,person-person,2,,person<--->person,"#000000"
185,289,Undirected,2720,person-person,1,,person<--->person,"#000000"
185,304,Undirected,2721,person-person,1,,person<--->person,"#000000"
185,312,Undirected,2722,person-person,1,,person<--->person,"#000000"
185,324,Undirected,2723,person-person,1,,person<--->person,"#000000"
185,325,Undirected,2724,person-person,1,,person<--->person,"#000000"
185,330,Undirected,2725,person-person,1,,person<--->person,"#000000"
186,187,Undirected,2726,person-person,2,,person<--->person,"#000000"
188,189,Undirected,2727,person-person,1,,person<--->person,"#000000"
188,191,Undirected,2728,person-person,1,,person<--->person,"#000000"
188,289,Undirected,2729,person-person,1,,person<--->person,"#000000"
188,301,Undirected,2730,person-person,1,,person<--->person,"#000000"
188,304,Undirected,2731,person-person,1,,person<--->person,"#000000"
188,307,Undirected,2732,person-person,2,,person<--->person,"#000000"
188,322,Undirected,2733,person-person,1,,person<--->person,"#000000"
188,325,Undirected,2734,person-person,1,,person<--->person,"#000000"
188,326,Undirected,2735,person-person,2,,person<--->person,"#000000"
188,330,Undirected,2736,person-person,1,,person<--->person,"#000000"
188,337,Undirected,2737,person-person,1,,person<--->person,"#000000"
188,355,Undirected,2738,person-person,1,,person<--->person,"#000000"
188,356,Undirected,2739,person-person,1,,person<--->person,"#000000"
188,360,Undirected,2740,person-person,2,,person<--->person,"#000000"
189,191,Undirected,2741,person-person,2,,person<--->person,"#000000"
189,192,Undirected,2742,person-person,2,,person<--->person,"#000000"
189,289,Undirected,2743,person-person,1,,person<--->person,"#000000"
189,300,Undirected,2744,person-person,1,,person<--->person,"#000000"
189,301,Undirected,2745,person-person,1,,person<--->person,"#000000"
189,304,Undirected,2746,person-person,1,,person<--->person,"#000000"
189,307,Undirected,2747,person-person,3,,person<--->person,"#000000"
189,322,Undirected,2748,person-person,1,,person<--->person,"#000000"
189,325,Undirected,2749,person-person,1,,person<--->person,"#000000"
189,326,Undirected,2750,person-person,2,,person<--->person,"#000000"
189,330,Undirected,2751,person-person,1,,person<--->person,"#000000"
189,337,Undirected,2752,person-person,1,,person<--->person,"#000000"
189,355,Undirected,2753,person-person,1,,person<--->person,"#000000"
189,356,Undirected,2754,person-person,1,,person<--->person,"#000000"
189,360,Undirected,2755,person-person,2,,person<--->person,"#000000"
190,298,Undirected,2756,person-person,1,,person<--->person,"#000000"
190,303,Undirected,2757,person-person,3,,person<--->person,"#000000"
190,313,Undirected,2758,person-person,4,,person<--->person,"#000000"
191,192,Undirected,2759,person-person,2,,person<--->person,"#000000"
191,289,Undirected,2760,person-person,1,,person<--->person,"#000000"
191,300,Undirected,2761,person-person,1,,person<--->person,"#000000"
191,301,Undirected,2762,person-person,1,,person<--->person,"#000000"
191,304,Undirected,2763,person-person,1,,person<--->person,"#000000"
191,307,Undirected,2764,person-person,3,,person<--->person,"#000000"
191,322,Undirected,2765,person-person,1,,person<--->person,"#000000"
191,325,Undirected,2766,person-person,1,,person<--->person,"#000000"
191,326,Undirected,2767,person-person,2,,person<--->person,"#000000"
191,330,Undirected,2768,person-person,1,,person<--->person,"#000000"
191,337,Undirected,2769,person-person,1,,person<--->person,"#000000"
191,355,Undirected,2770,person-person,1,,person<--->person,"#000000"
191,356,Undirected,2771,person-person,1,,person<--->person,"#000000"
191,360,Undirected,2772,person-person,2,,person<--->person,"#000000"
192,298,Undirected,2773,person-person,2,,person<--->person,"#000000"
192,300,Undirected,2774,person-person,2,,person<--->person,"#000000"
192,307,Undirected,2775,person-person,4,,person<--->person,"#000000"
276,306,Undirected,2776,person-person,1,,person<--->person,"#000000"
276,308,Undirected,2777,person-person,1,,person<--->person,"#000000"
276,332,Undirected,2778,person-person,1,,person<--->person,"#000000"
276,357,Undirected,2779,person-person,1,,person<--->person,"#000000"
289,301,Undirected,2780,person-person,1,,person<--->person,"#000000"
289,307,Undirected,2781,person-person,2,,person<--->person,"#000000"
289,312,Undirected,2782,person-person,1,,person<--->person,"#000000"
289,322,Undirected,2783,person-person,1,,person<--->person,"#000000"
289,324,Undirected,2784,person-person,1,,person<--->person,"#000000"
289,325,Undirected,2785,person-person,2,,person<--->person,"#000000"
289,326,Undirected,2786,person-person,2,,person<--->person,"#000000"
289,330,Undirected,2787,person-person,2,,person<--->person,"#000000"
289,337,Undirected,2788,person-person,1,,person<--->person,"#000000"
289,355,Undirected,2789,person-person,2,,person<--->person,"#000000"
289,356,Undirected,2790,person-person,1,,person<--->person,"#000000"
289,360,Undirected,2791,person-person,2,,person<--->person,"#000000"
298,303,Undirected,2792,person-person,3,,person<--->person,"#000000"
298,307,Undirected,2793,person-person,1,,person<--->person,"#000000"
298,313,Undirected,2794,person-person,4,,person<--->person,"#000000"
300,307,Undirected,2795,person-person,1,,person<--->person,"#000000"
301,304,Undirected,2796,person-person,1,,person<--->person,"#000000"
301,307,Undirected,2797,person-person,2,,person<--->person,"#000000"
301,322,Undirected,2798,person-person,1,,person<--->person,"#000000"
301,325,Undirected,2799,person-person,1,,person<--->person,"#000000"
301,326,Undirected,2800,person-person,2,,person<--->person,"#000000"
301,330,Undirected,2801,person-person,1,,person<--->person,"#000000"
301,337,Undirected,2802,person-person,1,,person<--->person,"#000000"
301,355,Undirected,2803,person-person,1,,person<--->person,"#000000"
301,356,Undirected,2804,person-person,1,,person<--->person,"#000000"
301,360,Undirected,2805,person-person,2,,person<--->person,"#000000"
303,313,Undirected,2806,person-person,12,,person<--->person,"#000000"
303,324,Undirected,2807,person-person,1,,person<--->person,"#000000"
304,307,Undirected,2808,person-person,2,,person<--->person,"#000000"
304,312,Undirected,2809,person-person,1,,person<--->person,"#000000"
304,322,Undirected,2810,person-person,1,,person<--->person,"#000000"
304,324,Undirected,2811,person-person,1,,person<--->person,"#000000"
304,325,Undirected,2812,person-person,2,,person<--->person,"#000000"
304,326,Undirected,2813,person-person,2,,person<--->person,"#000000"
304,330,Undirected,2814,person-person,2,,person<--->person,"#000000"
304,337,Undirected,2815,person-person,1,,person<--->person,"#000000"
304,355,Undirected,2816,person-person,1,,person<--->person,"#000000"
304,356,Undirected,2817,person-person,1,,person<--->person,"#000000"
304,360,Undirected,2818,person-person,2,,person<--->person,"#000000"
306,308,Undirected,2819,person-person,1,,person<--->person,"#000000"
306,333,Undirected,2820,person-person,1,,person<--->person,"#000000"
306,337,Undirected,2821,person-person,1,,person<--->person,"#000000"
306,356,Undirected,2822,person-person,1,,person<--->person,"#000000"
307,322,Undirected,2823,person-person,2,,person<--->person,"#000000"
307,325,Undirected,2824,person-person,2,,person<--->person,"#000000"
307,326,Undirected,2825,person-person,4,,person<--->person,"#000000"
307,330,Undirected,2826,person-person,2,,person<--->person,"#000000"
307,337,Undirected,2827,person-person,2,,person<--->person,"#000000"
307,355,Undirected,2828,person-person,2,,person<--->person,"#000000"
307,356,Undirected,2829,person-person,2,,person<--->person,"#000000"
307,360,Undirected,2830,person-person,4,,person<--->person,"#000000"
309,321,Undirected,2831,person-person,1,,person<--->person,"#000000"
309,350,Undirected,2832,person-person,1,,person<--->person,"#000000"
312,324,Undirected,2833,person-person,1,,person<--->person,"#000000"
312,325,Undirected,2834,person-person,1,,person<--->person,"#000000"
312,330,Undirected,2835,person-person,1,,person<--->person,"#000000"
318,354,Undirected,2836,person-person,2,,person<--->person,"#000000"
321,350,Undirected,2837,person-person,1,,person<--->person,"#000000"
322,325,Undirected,2838,person-person,1,,person<--->person,"#000000"
322,326,Undirected,2839,person-person,2,,person<--->person,"#000000"
322,330,Undirected,2840,person-person,1,,person<--->person,"#000000"
322,337,Undirected,2841,person-person,1,,person<--->person,"#000000"
322,355,Undirected,2842,person-person,1,,person<--->person,"#000000"
322,356,Undirected,2843,person-person,1,,person<--->person,"#000000"
322,360,Undirected,2844,person-person,2,,person<--->person,"#000000"
324,325,Undirected,2845,person-person,1,,person<--->person,"#000000"
324,330,Undirected,2846,person-person,1,,person<--->person,"#000000"
325,326,Undirected,2847,person-person,2,,person<--->person,"#000000"
325,330,Undirected,2848,person-person,2,,person<--->person,"#000000"
325,337,Undirected,2849,person-person,1,,person<--->person,"#000000"
325,355,Undirected,2850,person-person,1,,person<--->person,"#000000"
325,356,Undirected,2851,person-person,1,,person<--->person,"#000000"
325,360,Undirected,2852,person-person,2,,person<--->person,"#000000"
326,330,Undirected,2853,person-person,2,,person<--->person,"#000000"
326,337,Undirected,2854,person-person,2,,person<--->person,"#000000"
326,355,Undirected,2855,person-person,2,,person<--->person,"#000000"
326,356,Undirected,2856,person-person,2,,person<--->person,"#000000"
326,360,Undirected,2857,person-person,4,,person<--->person,"#000000"
330,337,Undirected,2858,person-person,1,,person<--->person,"#000000"
330,355,Undirected,2859,person-person,1,,person<--->person,"#000000"
330,356,Undirected,2860,person-person,1,,person<--->person,"#000000"
330,360,Undirected,2861,person-person,2,,person<--->person,"#000000"
337,355,Undirected,2862,person-person,1,,person<--->person,"#000000"
337,356,Undirected,2863,person-person,2,,person<--->person,"#000000"
337,360,Undirected,2864,person-person,2,,person<--->person,"#000000"
354,355,Undirected,2865,person-person,1,,person<--->person,"#000000"
355,356,Undirected,2866,person-person,1,,person<--->person,"#000000"
355,360,Undirected,2867,person-person,2,,person<--->person,"#000000"
356,360,Undirected,2868,person-person,2,,person<--->person,"#000000"
